group,Employment Agency,Laundry Jobber,Amusement Device Temporary,Tow Truck Company,Transportation and Storage,Storage Warehouse,Garage and Parking Lot,Debt Collection Agency,Retail and Sales,Stoop Line Stand,Cigarette Retail Dealer,Amusement Device Portable,Service Providers,Sightseeing Bus,Secondhand Dealer - Auto,Amusement Arcade,Newsstand,Parking Lot,Pedicab Business,Process Serving Agency,Secondhand Dealer - Firearms,Home Improvement Contractor,Secondhand Dealer - General,root,Cabaret,Catering Establishment,Amusement Device Permanent,Pool or Billiard Room,Property and Real Estate,Games of Chance,Garage,Auction House Premises,Entertainment and Leisure,Specialty Services,Horse Drawn Cab Owner,Dealer In Products,Laundry,Commercial Lessor,Sidewalk Cafe,Booting Company,Bingo Game Operator,General Vendor Distributor,Gaming Cafe,Scrap Metal Processor,Electronics Store,Tow Truck Exemption,Hospitality and Food Services,Electronic & Appliance Service,Special Sale,Scale Dealer Repairer
32264,0,5,0,1,6,1,0,1,34,2,16,1,14,0,2,0,1,1,0,0,0,11,8,64,0,1,0,0,5,0,3,0,1,0,0,2,0,0,3,0,0,0,0,0,3,0,4,2,0,0
1545,1,7,0,4,10,0,0,5,79,9,31,0,33,0,3,0,1,1,0,0,0,21,24,139,0,0,1,1,11,1,5,0,3,0,0,3,4,0,3,0,0,0,0,0,8,0,3,6,0,0
33428,1,6,0,1,9,0,0,3,61,10,26,2,28,0,4,0,1,2,1,0,0,22,16,112,1,0,0,0,9,0,5,0,3,0,0,1,3,0,2,0,0,0,0,0,3,0,2,2,0,0
31005,0,6,0,1,11,0,0,5,78,15,33,2,34,0,1,0,0,2,0,0,0,24,17,147,0,1,0,0,13,2,7,1,4,0,1,3,7,0,6,0,0,0,0,0,8,0,7,5,0,0
28225,1,6,0,1,7,0,0,5,79,4,33,2,59,0,4,0,0,2,0,1,0,45,23,168,0,0,0,1,14,0,3,0,4,0,1,4,8,0,5,0,1,0,0,0,11,0,5,7,0,0
44155,1,5,0,0,5,0,0,4,70,6,32,2,35,0,2,0,0,1,1,0,0,25,16,131,1,0,1,0,11,1,3,0,6,0,0,3,6,0,4,0,1,0,0,0,11,0,4,4,0,1
17409,1,3,0,1,6,1,0,3,45,7,16,0,34,0,1,0,1,0,0,1,0,22,14,101,0,0,0,0,9,1,3,0,1,0,0,1,6,0,6,0,0,0,0,0,5,1,6,7,0,0
35456,1,3,0,4,7,0,0,1,50,2,24,5,35,0,4,0,2,0,0,0,0,30,9,104,0,0,0,0,6,0,3,0,5,0,0,4,3,0,1,0,0,0,0,0,5,0,1,3,0,0
33634,0,7,0,1,10,0,1,7,69,7,24,0,49,0,4,0,0,4,1,0,0,37,17,154,1,0,0,1,20,0,3,0,3,1,0,7,13,0,2,0,0,0,1,1,10,0,2,5,0,0
32817,0,5,0,0,3,0,0,5,57,6,28,0,18,0,0,0,1,1,0,0,0,12,12,92,0,0,0,1,9,1,2,0,2,0,0,2,4,0,3,0,0,0,0,0,8,0,3,1,0,0
12198,0,3,0,1,5,0,1,1,56,6,23,1,31,0,4,0,1,0,0,0,0,22,15,101,0,0,1,0,6,0,3,0,2,0,0,1,3,0,1,0,0,0,0,0,6,0,1,8,0,0
17136,1,4,0,0,7,0,0,0,71,11,27,2,30,0,2,0,1,3,1,0,1,24,19,126,0,0,0,0,11,0,3,0,2,0,0,2,7,0,5,0,0,0,0,0,8,0,5,5,0,0
33852,0,4,0,1,5,0,1,1,61,9,33,0,30,0,1,0,0,1,0,2,0,22,13,110,1,0,0,0,9,0,2,0,1,0,0,0,5,0,4,0,0,0,0,0,5,0,4,5,0,0
31314,2,3,0,2,7,1,0,0,36,4,17,1,20,0,0,0,0,1,1,0,0,15,6,76,0,0,0,0,7,1,2,0,2,0,0,2,4,0,4,0,0,0,0,0,7,0,4,3,0,0
44816,0,4,0,3,9,1,0,1,65,8,21,3,29,0,4,0,1,0,2,1,0,25,26,119,0,0,0,0,9,0,3,0,3,1,0,1,5,0,3,0,0,0,0,1,4,0,3,2,0,0
28290,1,6,0,0,13,0,0,5,86,6,35,0,46,0,4,0,0,3,2,2,0,32,24,169,1,0,1,0,19,0,7,0,3,0,1,4,13,0,2,0,1,0,0,0,13,0,2,6,0,0
33950,0,4,0,0,8,0,1,2,41,3,20,1,28,0,1,0,0,1,0,1,0,21,9,90,0,0,0,0,8,0,5,0,2,1,1,3,4,0,2,0,0,0,1,1,5,0,2,4,0,0
10,0,4,0,2,5,0,0,1,76,7,34,5,44,0,6,1,2,1,0,0,0,36,16,147,1,0,0,1,10,1,2,0,9,0,0,1,6,0,3,0,0,0,0,0,10,0,3,7,0,0
44339,0,4,0,0,5,1,0,4,29,2,13,0,22,0,1,0,0,1,2,0,0,13,12,68,0,0,0,1,7,0,1,0,2,0,0,0,3,0,3,0,0,0,1,0,1,0,3,5,0,0
30754,3,1,0,2,14,1,0,2,74,6,34,3,49,0,1,1,1,4,2,1,0,36,18,159,0,0,0,0,9,2,4,0,7,0,1,5,8,0,6,0,0,0,1,0,9,0,6,7,0,0
28813,0,3,0,0,5,0,0,7,63,10,29,1,32,0,0,0,0,1,0,2,0,19,14,119,0,0,0,0,15,0,4,1,2,0,0,2,12,0,2,0,1,0,0,0,7,0,2,4,0,0
29716,0,12,0,3,12,0,1,4,51,1,20,1,26,0,2,0,0,3,1,0,0,19,17,118,1,0,0,0,22,0,4,0,2,0,0,2,10,0,5,0,0,0,0,0,9,0,5,3,0,0
30722,0,3,0,0,3,0,0,1,55,4,24,3,26,0,0,0,0,1,0,0,0,22,17,105,1,0,0,0,13,1,2,1,6,0,0,4,10,0,2,0,1,0,0,0,5,0,2,3,0,0
29726,0,5,0,2,9,1,0,3,53,7,23,0,30,0,1,0,0,1,0,1,0,22,14,106,0,0,0,0,12,0,5,0,0,0,0,1,7,0,2,0,0,0,0,0,7,0,2,4,0,0
28286,0,4,0,3,8,0,0,4,66,8,30,2,35,0,1,0,2,1,0,1,0,26,12,120,0,0,0,0,6,0,3,0,2,0,1,2,2,0,3,0,0,0,0,0,11,0,3,4,0,0
915,1,7,0,2,12,0,0,2,88,6,51,2,47,0,3,0,0,1,1,0,0,40,20,171,2,1,0,0,13,0,7,0,4,1,0,1,6,0,5,0,0,0,0,1,7,1,6,4,0,0
7,0,5,0,2,13,0,0,7,88,11,35,2,39,0,5,1,2,2,1,0,0,27,19,161,0,0,0,0,14,0,7,0,3,0,1,5,9,0,4,0,0,0,0,0,11,0,4,5,0,0
28271,3,5,0,1,10,0,0,5,53,6,23,0,47,0,1,0,2,5,0,0,0,36,14,126,0,0,0,1,13,0,2,0,1,0,2,2,8,0,2,0,0,0,0,0,5,0,2,3,0,0
29244,1,4,0,1,6,0,0,0,70,12,30,0,38,0,3,0,2,0,1,0,0,31,14,126,0,0,0,0,11,0,4,0,1,0,0,1,7,0,0,0,1,0,0,0,8,0,0,6,0,0
29797,1,6,0,0,8,1,1,3,76,7,34,1,44,0,0,0,1,0,1,0,0,30,22,154,2,0,1,0,16,0,5,0,4,0,0,3,10,0,6,0,0,0,0,0,9,0,6,10,0,0
41116,0,4,0,0,1,0,0,1,39,6,16,1,22,0,2,0,1,1,0,1,0,19,8,74,1,0,0,0,9,0,0,0,2,0,0,0,5,0,1,0,0,0,0,0,6,0,1,1,0,0
33963,0,6,0,1,6,0,1,2,52,4,25,1,25,0,1,0,0,1,0,1,0,16,17,101,0,0,0,0,11,1,2,0,2,1,1,1,5,0,4,0,0,0,0,1,4,0,4,6,0,0
9,0,6,0,0,3,0,1,5,51,6,20,2,45,0,3,1,2,0,0,1,0,35,13,118,1,0,1,0,10,1,1,0,6,0,0,1,4,0,3,0,0,0,0,0,6,1,3,3,0,1
30805,1,6,0,2,14,0,0,7,77,6,38,3,48,0,3,0,1,0,3,0,0,34,16,162,1,0,0,0,16,0,8,0,5,0,1,1,10,0,2,0,1,0,0,0,12,0,2,6,0,0
30720,1,1,0,1,6,1,0,5,74,3,32,2,34,0,4,0,1,1,0,0,0,22,23,136,0,0,0,0,13,1,3,0,4,0,0,2,12,0,5,0,1,0,0,0,9,0,5,6,0,0
33986,1,3,0,1,7,0,1,1,60,2,36,3,33,0,4,0,0,3,0,0,0,28,8,114,0,0,0,0,6,0,2,0,4,1,0,3,3,0,3,0,0,0,1,1,7,0,3,3,0,0
10345,1,4,0,4,11,1,1,6,61,11,23,2,37,0,2,0,1,3,0,0,0,26,15,125,0,0,0,0,10,0,2,0,2,0,0,7,6,0,4,0,0,0,0,0,2,0,4,4,0,0
30760,1,7,0,0,4,0,1,3,65,5,22,2,42,0,4,0,0,0,0,0,0,30,19,135,1,0,0,0,16,1,2,0,5,0,0,5,9,0,3,0,1,0,0,0,10,1,3,8,0,0
34883,3,1,0,1,14,1,1,3,69,8,29,0,38,0,3,0,0,5,0,0,1,29,18,138,1,0,0,0,10,0,6,0,1,0,0,0,9,0,6,0,0,0,0,0,10,0,6,3,0,0
34004,2,1,0,1,6,0,1,5,52,4,26,3,32,0,1,0,3,2,0,0,0,20,11,117,1,0,0,1,16,0,2,0,5,1,0,0,15,0,5,0,0,0,0,1,7,0,5,4,0,1
42125,4,6,0,1,12,0,0,1,67,4,35,0,42,1,3,0,1,3,0,1,0,32,8,141,1,0,0,0,12,0,7,0,1,0,0,2,6,0,7,0,0,0,0,0,14,0,7,4,0,0
904,3,7,0,5,18,0,2,4,71,7,27,1,51,0,5,0,1,3,0,0,0,39,18,167,0,1,1,1,18,0,8,0,3,0,0,2,11,0,5,0,0,0,0,0,11,0,6,5,0,0
10307,1,2,0,4,7,0,1,3,55,4,11,1,26,0,3,0,1,0,1,0,0,21,28,104,1,0,0,0,9,1,1,0,3,0,0,4,7,0,4,0,0,0,0,0,4,0,4,1,0,0
30023,0,6,0,3,14,0,2,5,64,5,34,1,38,0,0,0,2,3,1,1,0,25,15,132,0,0,0,0,12,1,5,0,2,0,0,2,6,0,2,0,0,0,0,0,6,0,2,7,0,0
33608,1,3,0,1,7,0,0,0,65,6,28,2,47,0,5,0,1,0,2,0,0,41,15,138,0,0,0,0,15,0,4,0,2,0,0,1,12,0,2,0,0,0,0,0,9,0,2,5,0,0
660,1,1,1,4,9,0,0,2,63,4,31,1,34,0,2,0,0,1,0,0,0,25,14,122,0,0,0,1,8,0,3,0,4,2,1,4,7,0,2,0,1,0,0,2,8,0,2,6,0,0
42128,1,5,0,6,18,0,0,4,67,5,35,1,32,1,1,0,1,2,0,1,0,22,16,136,1,0,0,0,15,0,6,0,3,0,1,0,10,0,1,0,1,0,0,0,9,2,1,4,0,0
16415,1,1,0,1,3,0,0,7,88,10,35,1,38,0,2,0,3,1,1,0,0,23,27,134,0,0,0,0,3,1,0,0,2,0,0,1,2,0,0,0,0,0,0,0,10,0,0,7,0,0
770,2,1,0,2,9,0,1,4,59,3,21,0,29,0,2,0,1,3,0,1,0,18,15,109,0,0,0,0,8,0,3,1,0,1,0,3,7,0,3,1,0,0,0,0,13,0,3,4,0,0
31769,1,4,0,1,9,1,1,2,48,3,17,0,27,0,3,0,1,2,1,0,0,20,12,92,0,0,0,0,7,0,3,0,0,0,0,5,3,0,1,0,0,0,0,0,7,0,1,4,0,0
658,1,4,1,3,9,0,0,1,41,3,20,1,26,0,1,0,0,1,0,0,0,22,12,88,0,0,0,0,8,0,5,0,2,0,0,0,4,0,2,0,0,0,0,0,5,0,2,2,0,0
10609,0,9,0,0,6,0,0,5,70,6,32,3,34,0,3,0,1,2,0,0,0,25,18,134,1,0,0,0,14,0,4,0,4,0,0,5,5,0,6,0,0,0,0,0,5,0,6,4,0,0
33951,1,0,0,1,9,0,0,2,33,3,16,1,20,0,1,0,0,4,1,0,0,16,9,72,0,0,0,0,4,0,3,0,1,1,0,3,4,0,4,0,0,0,0,1,1,0,4,1,0,0
33944,0,4,0,1,3,0,0,1,42,3,15,1,15,0,3,0,0,0,0,0,0,13,11,70,1,0,0,0,6,0,2,0,2,1,0,2,2,0,1,0,0,0,0,1,8,0,1,1,0,0
40950,1,4,0,2,8,1,1,2,55,2,22,1,37,0,5,0,3,0,2,0,0,26,14,115,0,0,0,0,8,0,2,0,2,0,0,2,4,0,5,0,0,0,1,0,7,0,5,8,0,0
41085,1,2,0,4,10,0,0,3,53,5,28,1,28,0,1,0,0,1,3,0,0,22,11,109,0,0,0,0,8,2,2,0,4,0,0,2,6,0,6,0,0,0,1,0,6,0,6,2,0,0
44358,1,2,0,2,5,1,0,3,55,7,21,0,39,0,2,1,1,0,0,0,0,32,11,111,0,0,0,0,8,0,2,0,1,0,0,3,6,0,3,0,0,0,0,0,10,0,3,3,0,0
28241,0,1,0,1,8,0,0,1,58,4,24,5,38,0,2,0,1,1,1,0,0,29,11,122,0,0,0,1,8,0,4,0,6,0,1,7,7,0,4,0,0,0,0,0,9,0,4,8,0,0
11233,0,3,0,0,5,0,0,4,38,1,20,4,25,0,0,0,0,0,0,1,0,15,10,84,0,0,0,1,10,0,5,0,5,0,0,1,7,0,1,0,0,0,0,0,6,0,1,5,0,0
1,0,6,0,0,6,0,0,3,44,1,21,0,29,1,0,1,0,1,1,0,0,22,13,102,1,0,0,0,15,1,3,0,3,0,0,4,9,0,5,0,0,0,0,0,5,0,5,4,0,0
861,3,4,0,5,19,0,1,6,93,10,39,1,56,0,3,0,1,3,1,0,0,39,23,193,2,0,0,0,14,2,9,0,6,0,0,7,10,0,5,0,1,0,0,0,10,0,5,8,0,0
32877,0,1,0,1,6,0,1,2,29,2,14,1,17,0,1,0,1,0,2,0,0,14,8,62,0,0,0,0,6,0,2,0,2,0,0,0,5,0,2,0,1,0,0,0,3,0,2,1,0,0
704,0,1,0,3,8,0,0,4,67,5,31,0,42,0,2,0,1,0,0,1,0,31,19,127,0,0,0,0,7,0,5,1,1,0,0,1,6,0,2,0,1,0,0,0,7,0,2,6,0,0
10301,2,5,0,1,6,0,0,2,54,5,26,0,25,0,3,0,0,1,0,0,0,17,8,100,0,0,1,0,11,0,3,0,1,0,0,3,6,0,3,0,0,0,0,0,9,1,3,4,0,0
938,0,3,0,2,8,0,0,8,63,10,27,1,35,0,1,0,0,2,1,2,0,22,15,124,0,1,1,1,12,1,3,0,4,0,0,2,9,0,1,0,0,0,0,0,8,0,2,3,0,0
10869,3,5,0,1,8,0,0,0,46,3,19,3,22,0,2,0,2,2,1,1,0,16,13,91,0,0,0,0,9,0,4,0,3,0,0,1,4,0,3,0,0,0,0,0,6,0,3,2,0,0
17441,1,4,0,1,3,1,0,2,58,6,25,0,34,0,2,0,2,0,0,0,0,27,13,113,0,0,0,0,12,2,0,0,2,0,0,1,8,0,4,0,0,0,0,0,9,1,4,3,0,1
929,1,3,0,1,7,0,0,2,49,6,18,0,31,0,5,0,1,4,0,0,0,23,8,95,0,1,0,0,7,0,2,0,0,0,0,0,4,0,0,0,0,0,0,0,11,0,1,5,0,0
15,1,6,0,2,11,0,0,5,54,2,24,0,31,0,1,1,0,0,2,1,0,19,14,111,1,0,0,0,8,0,6,1,2,0,1,2,2,0,5,0,0,0,0,0,10,0,5,5,0,0
10289,0,8,0,2,7,0,0,7,50,6,16,0,33,0,4,1,1,1,1,0,0,20,13,109,0,0,0,0,16,0,3,0,1,0,0,3,8,0,2,0,0,0,0,0,7,0,2,6,0,0
17508,0,4,0,2,9,0,0,3,48,7,18,0,28,0,0,0,2,2,1,0,0,19,19,103,1,0,0,0,11,1,4,0,2,1,0,0,7,0,4,0,0,0,0,1,2,0,4,6,0,0
33949,1,1,0,1,4,0,0,2,45,3,13,0,25,0,4,0,0,2,1,0,0,17,12,87,0,0,1,1,6,0,0,0,3,1,0,4,5,0,3,0,1,0,0,1,9,0,3,5,0,0
17555,0,2,0,2,3,0,0,1,42,2,19,2,25,0,2,0,0,1,0,0,0,19,11,81,0,0,0,1,3,0,0,0,4,0,0,2,1,0,4,0,0,0,1,0,6,0,4,5,0,0
149,0,4,0,1,7,2,0,6,47,3,19,2,36,0,2,0,0,1,0,0,0,21,13,102,0,0,0,0,7,0,3,0,2,0,0,1,3,0,3,0,0,0,0,0,9,0,3,9,0,0
17448,0,3,0,2,9,0,0,3,42,6,17,3,25,0,4,0,0,2,0,0,0,19,13,97,0,0,0,0,10,2,5,0,5,0,0,0,7,0,6,0,0,0,0,0,2,0,6,3,0,0
12,2,1,0,2,7,0,0,7,49,3,23,0,32,0,5,1,0,2,0,0,0,21,11,97,0,0,0,0,5,0,3,0,1,1,0,2,4,0,2,0,0,0,0,1,5,0,2,2,0,0
618,0,0,0,3,16,1,2,0,53,6,24,3,30,0,2,0,0,4,2,0,0,24,10,113,1,0,0,0,9,0,4,0,4,0,0,2,9,0,1,0,0,0,0,0,9,0,1,6,0,0
815,0,8,0,1,10,0,0,5,87,8,35,0,45,0,4,0,1,5,1,0,0,37,25,164,1,0,0,0,14,0,3,0,2,0,0,4,6,0,6,0,0,0,1,0,10,0,6,3,0,0
41263,1,3,0,1,4,0,0,6,48,5,18,0,38,0,2,0,0,0,0,1,0,29,19,102,0,0,1,0,8,0,3,0,1,0,0,0,5,0,3,0,0,0,0,0,4,0,3,1,0,0
134,1,1,0,2,5,0,0,4,48,3,21,1,20,0,0,0,3,2,0,0,0,12,12,84,0,0,1,0,5,0,1,0,3,0,0,1,4,0,3,0,1,0,0,0,8,0,3,3,0,0
525,0,7,0,1,9,0,0,3,102,13,44,3,45,0,2,0,3,1,1,1,0,35,25,182,0,0,0,0,18,0,6,0,4,0,0,1,11,0,4,0,1,0,0,0,14,0,4,6,0,0
18993,0,4,0,0,6,0,0,0,52,5,21,4,21,0,1,0,0,1,0,0,0,19,15,99,1,0,0,0,10,0,5,0,7,0,0,1,6,0,3,0,2,1,0,0,8,0,3,2,0,0
33822,2,5,0,2,11,0,0,4,57,5,23,1,44,0,3,0,2,2,0,1,0,29,12,137,0,0,1,1,16,1,6,0,4,0,1,0,11,0,5,0,0,0,0,0,12,0,5,7,0,1
926,0,1,0,0,0,0,0,2,34,0,14,1,18,0,1,0,0,0,0,0,0,10,11,63,0,1,1,0,5,0,0,0,2,0,0,0,4,0,3,0,0,0,0,0,8,0,4,6,0,0
18437,2,8,0,2,4,0,0,2,52,7,16,1,37,0,1,0,1,0,0,0,0,25,20,108,0,0,0,0,13,1,2,0,2,0,0,2,5,0,0,0,0,0,0,0,5,0,0,8,0,0
17463,0,6,0,2,10,0,1,2,50,5,28,0,23,0,0,0,2,3,0,1,0,18,12,100,1,0,0,1,12,1,4,0,3,0,0,1,6,0,2,0,0,0,0,0,2,0,2,2,0,0
33757,1,4,0,1,9,0,0,6,64,4,28,0,42,0,1,0,1,1,1,1,0,26,20,132,0,0,0,2,12,0,5,0,2,0,1,1,8,0,3,0,0,0,0,0,9,0,3,8,0,0
599,0,4,0,2,5,0,2,4,38,6,16,2,23,0,1,0,0,0,0,1,0,11,8,79,0,0,0,0,9,0,1,0,2,0,0,1,5,0,2,0,0,0,0,0,6,0,2,7,0,0
28289,1,3,0,1,8,0,0,3,42,2,19,1,22,0,1,0,1,0,2,2,0,11,13,83,0,0,0,0,8,0,3,0,1,0,1,2,5,0,2,0,0,0,0,0,4,1,2,5,0,0
17418,1,3,0,1,5,0,1,1,52,1,26,3,35,0,1,0,0,2,1,1,0,27,12,108,0,0,1,0,9,2,0,0,6,0,0,2,6,0,1,0,0,0,0,0,10,0,1,5,0,0
555,0,3,0,0,4,0,0,2,54,10,22,1,32,0,1,0,1,0,0,0,0,22,16,102,0,0,1,0,8,0,4,0,2,0,0,0,5,0,2,0,0,0,0,0,4,0,2,8,0,0
87,4,5,0,2,12,1,0,3,78,9,29,2,39,0,4,0,4,0,3,0,0,29,16,147,0,0,1,0,10,0,6,0,3,0,0,4,5,0,5,0,0,0,0,0,12,0,5,3,0,0
516,0,1,0,1,3,0,0,0,33,4,15,3,14,0,2,0,0,0,0,0,0,11,7,64,0,0,0,0,8,0,2,0,3,1,0,1,7,0,2,0,0,0,0,1,4,0,2,3,0,0
41854,1,9,0,2,14,0,0,7,62,7,24,2,36,0,4,0,0,2,0,0,0,25,17,134,0,0,0,0,15,0,10,0,2,0,0,2,6,0,5,0,0,0,0,0,8,0,5,3,0,0
42126,0,6,0,1,9,1,0,1,41,3,16,1,25,1,0,0,1,2,1,1,0,18,16,89,0,0,0,0,11,0,3,0,1,0,0,2,5,0,2,0,0,0,0,0,3,0,2,5,0,0
44962,1,2,0,0,3,0,1,1,38,4,20,0,18,0,1,0,1,1,0,1,0,12,10,68,0,0,0,0,6,0,0,0,0,0,0,0,4,0,3,0,0,0,0,0,2,1,3,3,0,0
33903,0,1,0,1,6,0,0,3,36,2,14,2,28,0,2,0,0,0,1,1,0,21,10,76,0,0,0,0,4,0,4,0,2,0,0,2,3,0,0,0,0,0,0,0,6,0,0,2,0,1
33732,2,1,0,1,10,0,0,4,69,4,29,1,34,0,3,0,1,2,1,0,0,25,21,130,0,0,1,1,13,0,6,1,3,0,0,1,12,0,1,0,0,0,0,0,9,0,1,3,0,0
663,1,8,0,2,5,0,0,8,81,4,40,3,34,0,2,0,1,0,0,0,0,21,24,151,0,0,1,0,18,0,3,2,4,0,0,2,10,0,9,0,0,0,0,0,6,0,9,4,0,0
33977,4,3,0,3,15,0,1,3,53,4,22,2,36,0,2,0,1,2,2,0,0,21,15,120,0,0,0,0,8,0,7,0,2,1,0,2,5,0,5,0,0,0,0,1,7,0,5,8,0,0
93,0,6,0,1,3,0,0,1,37,4,12,2,22,0,1,0,0,1,0,1,0,18,13,84,0,0,1,1,14,0,1,0,4,0,0,0,8,0,4,0,0,0,0,0,7,0,4,2,0,0
878,1,7,0,0,10,0,0,2,69,7,17,0,27,0,5,0,1,3,2,0,0,18,30,123,1,0,0,0,13,0,5,0,1,0,0,0,6,0,3,0,0,0,0,0,9,0,3,6,0,0
17533,1,3,0,3,7,0,1,1,30,3,15,1,40,0,2,0,0,0,0,0,0,28,8,90,0,0,0,0,8,0,3,0,2,0,0,1,5,0,3,0,0,0,1,0,1,0,3,10,0,0
12394,0,5,0,2,5,0,0,6,70,15,22,2,43,0,1,0,0,1,0,1,0,31,17,140,0,0,0,0,15,1,2,0,4,0,0,3,10,0,3,0,1,0,0,0,12,0,3,5,0,0
39286,1,2,0,0,2,0,0,1,36,4,10,0,16,0,0,0,2,1,0,0,0,12,11,65,1,0,0,0,6,0,1,0,1,0,0,1,4,0,4,0,0,0,0,0,8,0,4,2,0,0
17868,2,2,0,3,12,0,1,5,47,5,21,1,32,0,1,0,0,1,3,0,0,21,11,105,0,0,0,0,10,0,3,0,1,0,0,4,8,0,3,0,0,0,0,0,5,1,3,3,0,1
41403,1,3,0,1,9,0,0,3,49,7,17,0,31,0,5,0,0,3,1,0,0,21,10,105,1,0,0,0,6,0,4,0,3,0,0,0,3,0,7,0,1,0,1,0,10,0,7,6,0,0
771,0,2,0,1,7,1,0,5,47,4,17,1,20,0,1,0,0,2,0,0,0,12,15,87,0,0,0,0,5,0,3,0,1,3,0,4,3,0,4,1,0,0,0,2,6,0,4,3,0,0
33752,0,4,0,0,5,0,0,1,43,4,24,1,22,0,2,1,1,0,1,0,0,17,6,86,1,0,0,1,9,0,3,0,5,1,0,0,5,0,1,0,1,0,0,1,6,1,1,4,0,0
42123,1,7,0,1,7,0,0,5,72,7,31,1,31,1,2,0,1,2,0,0,0,22,21,128,0,0,0,0,14,1,3,0,2,0,0,1,7,0,2,0,0,0,0,0,9,0,2,3,0,0
26627,1,6,0,0,7,0,0,4,44,4,23,1,38,0,1,0,0,2,0,0,0,30,10,106,1,0,1,0,12,0,5,0,3,0,0,0,6,0,2,0,0,0,0,0,6,0,2,3,0,0
13859,1,4,0,1,3,1,0,1,72,7,34,1,33,0,3,0,1,0,0,0,0,29,12,132,2,0,0,0,15,0,1,0,3,0,0,4,11,0,6,0,0,0,0,0,11,0,6,2,0,0
17937,0,4,0,1,7,0,0,5,60,11,19,2,30,0,3,0,1,1,0,0,0,21,15,112,0,0,0,0,11,0,4,0,2,0,0,1,7,0,2,0,0,0,0,0,10,1,2,4,0,0
33746,1,3,0,0,8,0,1,0,55,4,24,1,14,0,2,1,1,1,0,0,0,11,16,86,0,0,0,1,4,0,6,0,3,0,0,0,1,0,2,0,0,0,0,0,8,0,2,2,0,0
18071,2,4,0,3,9,0,0,10,58,3,27,1,48,0,1,0,1,2,0,0,0,32,18,130,0,0,0,0,10,1,4,0,2,0,0,1,6,0,3,0,0,0,0,0,7,0,3,3,0,1
908,1,4,0,0,6,0,0,6,44,2,21,0,23,0,1,0,0,2,1,0,0,13,12,88,0,1,0,0,10,0,2,0,1,0,0,2,6,0,3,0,1,0,0,0,6,1,4,3,0,0
41608,1,6,0,0,3,0,0,3,46,9,14,0,26,0,2,0,0,0,1,0,0,17,12,93,1,0,0,0,13,1,2,1,2,0,0,1,7,0,3,0,0,0,0,0,7,0,3,5,0,0
824,2,10,0,0,8,0,1,8,76,4,35,1,49,0,2,0,0,2,1,1,0,32,20,156,1,0,0,0,15,0,4,0,2,1,0,3,5,0,5,0,0,0,0,1,12,0,5,6,0,0
17955,2,10,0,2,8,0,0,5,53,9,20,0,43,0,2,0,0,1,0,0,0,32,13,126,0,0,1,0,16,0,5,0,1,0,0,2,6,0,5,0,0,0,0,0,7,0,5,4,0,0
32315,0,5,0,0,5,0,0,4,59,5,24,1,55,0,5,0,2,0,0,0,0,48,16,139,0,0,0,0,14,1,5,0,2,0,0,4,9,0,4,0,0,0,0,0,3,0,4,3,0,0
912,0,6,0,1,11,0,1,4,50,6,27,1,23,0,1,1,0,2,3,0,0,15,13,108,0,1,0,0,16,0,4,0,2,0,0,0,10,0,5,0,0,0,0,0,3,0,6,4,0,0
17446,1,6,0,0,8,0,0,8,102,11,50,2,43,0,3,0,0,2,1,0,0,30,25,175,0,0,0,0,13,1,4,0,3,1,0,4,7,0,5,0,0,0,0,1,9,1,5,4,0,0
12017,0,0,0,0,7,1,0,2,22,2,11,0,22,0,0,0,0,1,2,0,0,19,5,60,0,0,0,0,8,0,3,0,0,0,0,1,8,0,1,0,0,0,0,0,3,0,1,1,0,0
18099,1,4,0,2,7,0,0,5,38,1,22,1,22,0,1,0,1,1,2,2,0,12,9,81,0,0,0,0,9,0,2,0,1,0,0,2,5,0,4,0,0,0,0,0,2,0,4,2,0,0
44957,0,2,0,0,2,0,0,0,39,6,14,0,16,0,1,0,0,0,0,0,0,11,11,69,0,0,0,0,7,0,0,0,0,0,0,1,5,0,5,0,0,0,0,0,6,2,5,5,0,0
18001,0,6,0,2,10,0,0,5,40,4,14,0,33,0,3,0,2,2,0,0,0,27,10,96,0,0,0,0,10,0,6,0,0,0,0,2,4,0,3,0,0,0,0,0,5,0,3,1,0,0
32777,1,2,0,1,7,1,0,4,58,6,22,2,31,0,2,0,2,4,1,3,0,21,14,112,0,0,0,0,10,0,0,0,3,0,0,4,8,0,3,0,1,0,0,0,8,0,3,2,0,0
685,1,1,0,1,9,0,0,2,39,7,11,2,29,0,2,0,2,3,1,1,0,18,8,91,1,0,0,0,7,0,4,1,4,0,0,0,6,0,3,0,0,0,1,0,8,0,3,7,0,0
18948,1,1,0,1,8,0,1,6,60,6,19,0,31,0,4,0,2,2,1,0,0,20,17,112,0,0,1,0,9,0,3,0,1,0,0,2,8,0,3,0,0,0,0,0,10,0,3,4,0,0
32354,0,6,0,0,7,0,0,5,65,5,30,3,35,0,1,0,1,2,0,0,0,27,14,124,0,0,0,0,10,0,5,0,4,0,0,4,4,0,3,0,0,0,1,0,10,0,3,3,0,0
18089,1,5,0,1,9,0,0,3,44,9,17,3,34,0,4,0,0,0,0,0,0,24,8,104,0,0,1,0,11,0,6,0,4,0,2,0,6,0,2,0,0,0,0,0,6,0,2,6,0,0
11441,2,8,0,2,7,0,0,1,37,4,18,0,31,0,1,0,0,2,1,1,0,25,8,92,0,0,0,0,12,2,2,0,2,1,0,0,4,0,2,0,0,0,0,1,6,0,2,2,0,0
29759,1,2,0,0,4,0,0,6,47,3,24,4,40,0,1,0,0,1,0,0,0,30,9,109,0,0,0,0,6,1,3,0,5,0,0,3,4,0,7,0,0,0,0,0,7,0,7,3,0,0
86,0,7,0,1,6,0,0,4,76,7,24,4,37,0,4,0,0,1,0,0,0,30,31,147,1,0,1,0,16,0,4,0,7,0,0,2,9,0,5,0,1,0,0,0,8,0,5,3,0,0
29789,0,4,0,4,15,0,1,3,65,4,22,1,36,0,3,0,1,1,2,0,0,24,19,136,0,0,0,0,15,0,6,0,1,0,1,2,11,0,4,0,0,0,0,0,14,0,4,9,0,0
10201,1,9,0,5,12,0,0,2,52,3,16,2,37,0,5,0,0,0,2,0,0,24,15,126,2,0,2,1,18,0,5,1,7,0,0,2,8,1,0,0,0,0,0,0,10,0,0,10,0,0
796,0,2,0,2,7,1,0,2,59,7,24,1,28,0,3,0,0,2,0,0,0,23,14,114,1,0,1,0,12,2,2,1,5,0,0,0,10,0,3,0,0,0,0,0,10,0,3,3,0,0
947,0,3,0,1,6,0,0,8,57,4,23,2,33,0,4,0,1,0,0,0,0,22,13,113,0,1,1,0,11,0,5,0,3,0,0,4,8,0,2,0,0,0,0,0,8,0,3,3,0,0
33905,1,2,0,2,5,0,0,3,40,3,12,0,25,0,1,0,1,2,0,1,0,14,16,82,1,0,0,0,6,2,1,0,4,0,0,0,4,0,2,0,1,0,0,0,7,0,2,5,0,1
21506,1,5,0,0,6,0,0,2,52,5,14,1,26,0,3,0,2,1,2,0,0,19,18,98,0,0,0,0,11,1,3,0,2,0,0,4,6,0,1,0,0,0,0,0,6,0,1,4,0,0
18996,1,7,0,1,5,0,0,3,36,5,16,0,25,0,2,0,0,0,0,0,0,19,8,81,1,0,0,0,13,0,4,1,1,0,0,2,6,0,1,0,0,1,0,0,1,0,1,2,0,0
33928,2,1,0,0,2,0,0,1,21,2,3,1,20,0,1,0,1,0,1,0,0,12,11,51,1,0,1,0,4,0,0,0,3,1,1,0,3,0,0,0,0,0,0,1,3,0,0,4,0,1
33933,0,3,0,2,9,0,0,3,52,3,17,1,27,0,1,0,2,0,4,0,0,20,17,102,0,0,0,0,8,0,3,0,1,1,0,0,5,0,4,0,0,0,0,1,12,0,4,4,0,0
911,1,4,0,2,8,0,0,4,49,7,15,0,31,0,1,0,0,1,0,0,0,23,14,102,0,1,0,0,9,0,4,1,1,0,0,2,5,0,3,0,1,0,0,0,9,1,4,3,0,0
41207,1,1,0,1,2,0,0,2,25,2,15,2,11,0,0,0,0,1,0,0,0,8,6,45,0,0,0,0,3,0,0,0,2,0,0,0,2,0,2,0,0,0,0,0,2,0,2,0,0,0
33755,3,5,0,0,5,0,1,4,58,4,25,0,39,0,1,0,2,1,0,0,0,26,9,115,0,0,0,1,10,0,3,0,1,0,0,4,5,0,2,0,0,0,0,0,13,0,2,6,0,0
41852,0,5,0,2,11,0,0,3,55,3,22,0,28,0,3,0,2,1,2,1,0,21,17,108,0,0,0,0,10,1,5,0,1,0,1,0,5,0,3,0,0,0,0,0,8,0,3,3,0,0
17557,0,5,0,3,13,0,0,2,61,5,23,1,38,0,4,0,1,1,1,1,0,22,15,132,1,0,2,0,10,0,8,1,6,0,0,2,5,0,4,0,1,0,1,0,10,0,4,13,0,0
33870,0,4,0,3,6,0,0,3,69,7,31,0,29,0,1,0,2,2,0,1,0,17,19,119,1,0,0,0,11,0,1,0,1,0,0,3,7,0,3,0,0,0,0,0,6,0,3,8,0,0
40987,1,6,0,3,7,0,1,1,69,9,22,2,37,0,6,0,1,0,0,1,0,26,22,127,0,0,0,0,9,0,3,1,2,0,0,1,3,0,3,0,0,0,0,0,7,0,3,8,0,0
909,1,4,0,0,2,0,0,3,80,15,31,2,41,0,4,0,1,1,0,1,0,32,15,143,0,1,1,0,11,1,1,0,4,0,0,3,7,0,4,0,0,0,0,0,11,0,5,4,0,0
18968,1,8,0,1,9,0,1,1,67,6,31,1,30,0,1,0,0,2,1,0,0,23,15,127,0,0,1,0,15,0,3,0,3,1,0,1,7,0,2,0,0,0,1,1,13,1,2,5,0,0
883,2,9,0,2,8,0,0,7,68,10,28,2,41,0,2,0,0,3,1,0,0,27,18,139,2,0,1,0,15,0,1,0,5,0,1,4,6,0,2,0,0,0,0,0,6,0,2,5,0,0
870,1,7,0,0,7,0,0,4,54,5,21,1,32,0,3,0,0,0,0,1,0,23,14,111,2,0,0,0,12,0,6,0,3,0,1,2,5,0,3,0,0,0,0,0,9,0,3,3,0,0
34626,0,2,0,0,5,0,0,1,32,2,11,0,17,0,2,0,1,1,1,0,0,11,9,61,0,0,0,0,5,0,3,0,0,0,0,1,3,0,2,0,0,0,0,0,6,0,2,5,0,0
10198,0,3,0,2,5,0,0,1,30,1,15,0,14,0,1,0,1,2,0,0,0,11,8,58,1,0,1,0,6,0,1,0,2,0,0,1,2,1,1,0,0,0,0,0,3,0,1,2,0,0
30213,0,8,0,1,7,0,0,4,72,9,27,1,34,0,3,0,1,0,0,0,0,28,15,132,0,0,0,0,15,0,5,0,1,0,1,3,7,0,3,0,0,0,0,0,14,0,3,2,0,0
33131,1,0,0,3,11,0,0,3,66,8,27,2,31,0,3,0,0,2,0,0,0,24,20,127,0,0,1,0,10,0,5,0,4,0,1,1,10,0,5,0,0,0,1,0,7,0,5,3,0,0
923,1,2,0,1,10,0,0,0,42,3,15,1,30,0,2,0,0,1,1,0,0,21,15,93,1,1,0,0,7,0,7,0,2,0,0,1,5,0,1,0,0,0,0,0,6,0,2,8,0,0
30292,0,7,0,3,12,1,0,6,48,2,19,3,29,0,0,0,1,1,0,1,0,14,14,113,0,0,0,0,18,0,7,1,4,0,0,3,11,0,2,0,1,0,0,0,8,0,2,8,0,0
139,0,5,0,3,9,1,0,0,42,4,18,1,33,0,1,0,0,0,0,0,0,30,12,101,0,0,1,0,13,0,4,0,2,1,1,1,8,0,1,0,0,0,0,1,6,0,1,3,0,0
33984,0,5,0,1,4,0,0,1,33,6,16,2,21,0,1,0,1,1,1,0,0,16,7,77,0,0,1,0,14,0,1,0,3,1,0,1,9,0,1,0,0,0,0,1,1,0,1,4,0,0
112,0,1,0,1,5,0,0,3,50,8,17,0,27,0,2,0,1,2,0,0,0,21,9,92,0,0,1,0,8,0,2,0,1,0,0,2,7,0,1,0,0,0,0,0,11,0,1,3,0,0
33770,1,4,0,2,10,0,0,3,39,6,12,4,30,0,2,0,0,3,2,0,0,20,12,93,0,0,0,1,8,1,3,0,6,0,0,1,4,0,0,0,0,0,0,0,6,0,0,6,0,0
18985,0,2,0,0,4,0,1,1,38,3,9,0,23,0,3,0,0,1,0,0,0,19,16,75,1,0,0,0,7,0,1,0,1,0,0,1,5,0,2,0,0,0,0,0,6,1,2,3,0,0
33774,1,4,0,2,3,0,1,2,40,3,15,3,22,0,4,0,0,0,0,0,0,15,9,88,0,0,0,1,12,1,0,0,5,0,0,0,8,0,6,0,0,0,0,0,9,0,6,4,0,0
29707,1,9,0,2,12,0,0,1,84,16,29,4,38,0,3,0,1,2,2,0,0,29,22,163,0,0,1,0,20,1,6,0,6,0,0,4,11,0,3,0,0,0,0,0,9,0,3,7,0,0
734,1,3,0,2,10,0,0,0,57,6,20,2,33,0,5,0,0,0,1,1,0,26,13,120,1,0,0,1,12,0,7,0,6,0,0,2,9,0,2,0,2,0,0,0,11,0,2,5,0,0
33968,0,4,0,1,3,0,2,5,47,5,20,1,24,0,4,0,1,0,0,0,0,16,9,89,1,0,1,0,10,0,0,0,3,1,0,1,6,0,1,0,0,0,0,1,7,0,1,3,0,0
41832,0,3,0,1,6,0,0,3,58,6,27,3,26,0,1,0,2,2,0,0,0,20,16,110,0,0,1,0,13,0,3,0,4,0,0,1,10,0,3,0,0,0,0,0,5,0,3,3,0,0
10202,2,4,0,3,6,0,0,4,60,4,17,1,31,0,1,0,0,0,0,0,0,19,26,118,0,0,0,0,14,1,2,0,2,0,0,3,9,1,5,0,0,0,0,0,9,1,5,6,0,0
33828,1,4,0,1,6,0,0,4,57,6,22,0,35,0,3,0,1,1,1,1,0,22,15,115,0,0,0,0,14,0,3,0,0,0,0,2,10,0,3,0,0,0,0,0,8,0,3,7,0,0
38424,3,3,0,0,2,0,0,4,67,4,30,4,34,0,1,0,1,0,0,0,0,23,15,125,1,0,1,0,11,0,2,0,6,0,0,1,8,0,5,0,0,0,0,0,15,0,5,4,0,0
31244,2,3,0,1,8,0,0,1,43,3,20,2,22,0,3,0,0,1,3,0,0,13,9,84,0,0,0,0,6,0,2,0,2,0,0,3,3,0,3,0,0,0,0,0,5,1,3,6,0,0
24693,0,1,0,0,0,0,0,0,11,1,3,1,4,0,0,0,1,0,0,0,0,2,4,20,0,0,0,0,4,0,0,0,1,0,0,0,3,0,0,0,0,0,0,0,2,0,0,2,0,0
33946,1,3,0,0,2,0,0,1,31,5,12,3,16,0,0,0,0,1,0,1,0,12,11,60,0,0,0,0,5,0,0,0,3,1,1,1,2,0,2,0,0,0,0,1,2,0,2,1,0,0
30268,0,6,0,3,10,0,2,7,74,4,32,5,45,0,3,0,0,0,0,0,0,34,22,153,0,0,0,0,13,0,5,0,6,0,0,2,7,0,5,0,1,0,0,0,11,0,5,4,0,0
44445,2,8,0,2,10,0,0,4,73,11,24,1,35,0,3,0,1,1,0,0,0,25,18,140,0,0,1,0,16,0,7,0,2,1,0,3,8,0,3,0,0,0,0,1,13,0,3,4,0,0
33858,1,9,0,0,9,0,1,3,87,13,37,1,48,0,3,0,3,3,3,1,0,35,21,171,0,1,1,0,23,0,1,0,2,1,1,1,14,0,0,0,0,0,0,1,9,0,1,8,0,0
927,0,2,0,0,7,1,0,1,48,4,18,0,18,1,2,0,0,3,0,0,0,15,12,85,0,1,1,0,8,0,1,0,1,0,0,3,6,0,2,0,0,0,0,0,9,1,3,2,0,0
17428,3,5,0,1,8,0,2,4,49,6,18,1,45,0,0,0,0,2,1,0,0,31,15,116,0,0,0,0,10,1,2,0,2,0,0,2,5,0,2,0,0,0,0,0,8,0,2,7,0,0
33999,0,0,0,1,5,0,1,3,38,4,7,0,25,0,1,0,0,0,0,0,0,18,18,80,0,0,2,0,8,0,3,0,3,1,0,2,8,0,0,0,0,0,1,1,6,0,0,4,0,0
914,1,2,0,2,8,0,0,3,57,7,24,1,26,0,2,0,0,2,0,1,0,19,12,103,0,1,0,0,6,0,3,0,2,0,0,4,4,0,3,0,0,0,1,0,8,1,4,2,0,0
42137,0,1,0,2,7,1,0,5,49,5,22,0,36,0,0,0,0,0,0,2,0,24,14,104,0,0,2,0,4,0,4,0,3,0,0,2,3,0,5,0,1,0,0,0,5,0,5,5,1,0
22034,0,6,0,3,9,0,0,6,62,5,27,1,32,0,1,0,0,2,0,0,0,23,18,119,0,0,0,0,13,0,4,0,1,0,0,4,7,0,2,0,0,0,0,0,7,0,2,3,0,0
42127,1,3,0,3,10,0,1,2,75,7,30,1,40,1,2,0,2,2,0,0,0,32,16,135,0,0,0,0,8,0,3,0,1,1,0,7,5,0,0,0,0,0,0,1,11,0,0,5,0,0
267,1,12,0,0,2,0,0,5,66,6,21,1,48,0,0,0,1,0,0,1,0,38,22,138,0,0,0,0,18,0,2,0,1,0,0,4,6,0,3,0,0,0,0,0,12,0,3,3,0,0
917,0,2,0,0,2,0,1,1,7,1,3,1,1,0,1,0,0,0,0,0,0,0,2,15,0,1,0,0,2,0,1,0,1,0,0,0,0,0,1,0,0,0,0,0,0,0,2,0,0,0
928,0,2,0,0,3,0,0,1,27,3,12,1,12,0,0,0,1,0,0,0,0,8,7,48,0,1,0,0,4,0,3,0,1,0,0,0,2,0,0,0,0,0,0,0,4,0,1,3,0,0
26,1,6,0,1,8,0,0,3,70,6,29,2,40,0,5,0,0,3,1,0,0,30,15,134,0,0,1,0,12,0,2,0,3,0,0,3,6,0,1,0,0,0,0,0,12,1,1,6,0,0
25106,1,9,0,0,4,0,0,2,71,7,29,1,36,0,2,0,1,1,0,0,0,27,20,134,0,0,0,0,15,1,3,0,2,0,0,2,6,0,6,0,0,0,0,0,10,0,6,6,0,0
29729,2,4,0,3,13,0,1,2,78,7,33,1,38,0,6,0,1,4,1,0,0,31,15,149,0,1,0,0,11,0,3,0,1,0,1,3,7,0,7,0,0,0,0,0,13,0,8,3,0,0
33965,0,2,0,0,7,0,0,5,46,6,20,0,26,0,2,0,0,2,1,0,0,14,10,93,0,0,0,0,6,1,4,0,4,1,0,2,4,0,3,0,0,0,3,1,6,0,3,7,0,0
11848,0,5,0,2,7,0,0,2,45,4,18,1,21,0,1,0,1,1,1,0,0,16,17,92,0,0,2,0,13,0,3,1,3,0,0,0,8,0,3,0,0,0,0,0,3,0,3,3,0,0
33947,1,3,0,1,6,0,0,2,41,4,20,0,24,1,0,0,0,0,0,0,0,15,7,84,0,0,0,0,10,0,4,0,0,1,0,2,7,0,2,0,0,0,0,1,8,0,2,5,0,1
30226,2,0,0,0,2,0,0,5,37,2,17,2,25,0,2,0,0,1,0,0,0,14,13,82,0,0,0,0,11,1,1,0,3,0,0,0,11,0,4,0,0,0,0,0,3,0,4,4,0,0
874,1,1,0,0,3,0,0,4,58,5,29,0,30,0,1,0,1,1,0,2,0,19,14,101,1,0,0,0,8,0,2,0,1,0,0,1,7,0,1,0,0,0,0,0,7,0,1,4,0,0
942,0,4,0,2,11,0,0,2,35,4,17,4,24,0,0,0,0,2,0,0,0,19,9,93,0,1,0,0,11,0,7,0,4,0,0,1,7,0,7,0,0,0,0,0,4,0,8,3,0,0
34003,2,2,0,2,10,0,1,0,42,5,17,0,34,0,4,0,1,2,1,0,0,30,9,105,0,0,3,0,11,0,3,0,3,1,1,0,9,0,4,0,0,0,0,1,6,0,4,2,0,0
28684,0,9,0,2,10,1,0,3,75,7,27,1,43,0,2,0,2,1,1,1,0,34,23,153,0,0,0,0,22,0,5,0,1,0,0,3,13,0,2,0,0,0,0,0,11,0,2,4,0,1
33803,1,4,0,1,4,0,0,3,36,3,13,1,29,0,2,0,1,1,0,1,0,20,12,85,0,0,0,0,11,0,2,0,2,0,0,4,7,0,3,0,1,0,0,0,1,0,3,4,0,0
12767,0,4,0,0,9,0,0,3,49,7,25,1,26,0,1,0,0,3,0,0,0,19,10,99,0,0,0,0,11,0,6,0,1,0,0,2,7,0,3,0,0,0,0,0,4,0,3,4,0,0
41717,0,4,0,0,4,0,0,4,22,1,7,0,16,0,1,0,0,1,1,0,0,10,9,52,0,0,0,0,8,0,2,0,0,0,0,1,4,0,2,0,0,0,0,0,3,0,2,2,0,0
579,2,6,0,1,15,1,0,0,74,5,32,3,32,0,4,0,0,4,0,0,0,27,22,145,0,0,1,1,15,0,7,0,5,0,2,2,9,0,4,0,0,0,0,0,9,0,4,3,0,0
44949,0,2,0,1,6,0,0,1,49,2,26,2,21,0,1,0,0,2,0,0,0,17,16,82,0,0,0,0,2,0,2,0,2,0,0,1,0,0,2,0,0,0,0,0,3,1,2,3,0,0
33929,0,3,0,1,4,0,0,7,39,5,11,1,26,0,0,0,3,0,1,0,0,16,10,80,0,0,0,0,7,0,2,0,1,0,0,3,4,0,3,0,0,0,0,0,7,0,3,2,0,1
29715,0,5,0,2,8,0,0,6,57,4,26,1,42,0,4,0,2,3,0,0,0,31,12,126,1,0,0,0,12,0,2,0,3,0,1,1,7,0,4,0,1,0,0,0,8,0,4,5,0,0
19983,2,1,0,1,6,0,0,5,78,13,28,0,46,0,1,0,1,1,0,1,0,32,24,149,0,0,1,0,12,0,3,0,3,1,0,1,11,0,3,0,1,0,1,1,10,1,3,6,0,0
44973,0,3,0,0,2,0,0,2,45,3,18,1,21,0,0,0,0,1,0,1,0,16,12,79,0,0,1,0,7,0,0,0,2,1,0,2,4,0,1,0,0,0,0,1,10,1,1,2,0,0
44943,0,4,0,1,7,0,0,1,37,5,16,1,21,0,4,0,0,2,1,0,0,19,10,73,0,0,1,0,5,0,2,0,2,0,0,0,1,0,1,0,0,0,0,0,2,1,1,1,0,0
32271,1,5,0,2,5,0,0,4,47,5,19,1,32,0,0,0,1,2,0,1,0,23,14,101,0,0,0,0,11,1,0,0,3,0,0,0,6,0,3,0,1,0,0,0,8,1,3,3,0,0
28162,0,8,0,1,7,0,0,4,66,3,32,2,38,0,1,0,0,0,1,1,0,30,19,133,0,0,0,0,17,1,5,0,3,0,0,3,9,0,2,0,0,0,0,0,8,0,2,3,0,0
33787,0,7,0,4,12,0,0,3,46,3,24,1,32,0,1,0,1,0,1,1,0,25,10,108,0,0,0,0,14,0,7,0,1,0,0,2,7,0,3,0,0,0,0,0,5,0,3,3,0,0
129,0,3,0,0,7,0,1,1,66,3,24,1,29,0,3,0,3,0,1,0,0,23,20,117,0,0,1,0,10,0,4,0,2,0,1,2,7,0,3,0,0,0,0,0,11,0,3,5,0,0
34818,0,7,0,1,8,0,0,3,41,3,15,1,41,0,3,0,1,4,2,1,0,32,11,104,0,0,0,0,10,0,1,0,2,0,0,3,3,0,2,0,0,0,1,0,5,0,2,5,0,0
34871,1,1,0,1,5,0,0,1,40,3,18,0,21,0,3,0,0,3,0,0,0,14,11,78,2,0,0,1,5,0,1,0,3,1,0,3,4,0,3,0,0,0,0,1,2,0,3,5,0,0
32422,0,5,0,3,7,0,0,3,51,4,25,2,41,0,1,0,0,2,0,0,0,28,15,117,0,0,0,0,13,0,2,0,2,0,0,0,8,0,3,0,0,0,0,0,6,0,3,10,0,0
33906,0,2,0,0,1,0,0,3,14,0,4,0,14,0,2,0,0,1,0,0,0,8,3,41,0,0,0,0,9,0,0,0,0,0,0,0,7,0,3,0,0,0,0,0,5,0,3,2,0,1
709,1,6,0,1,8,0,0,3,65,3,28,1,30,0,0,0,2,3,1,0,0,24,16,118,0,0,0,0,11,0,3,0,2,0,0,3,5,0,2,0,1,0,0,0,13,0,2,2,0,0
33782,1,5,0,2,5,0,0,2,88,3,32,4,41,0,4,0,2,0,1,1,0,33,28,156,0,0,0,0,13,0,2,0,5,1,0,4,8,0,3,0,1,0,0,1,15,0,3,4,0,0
22068,0,4,0,4,9,0,0,6,58,6,25,2,40,0,2,0,3,1,3,0,0,30,14,124,2,0,1,0,10,0,1,0,5,0,0,2,6,0,2,0,0,0,0,0,6,0,2,4,0,0
32960,0,3,0,1,11,1,0,4,53,8,17,3,37,0,1,0,0,4,1,0,0,25,18,118,0,0,0,0,12,1,4,0,4,0,0,0,9,0,1,0,0,0,0,0,9,0,1,8,0,0
33802,3,3,0,3,7,0,0,1,34,3,12,1,32,0,0,0,0,1,1,2,0,22,12,92,0,1,0,0,14,0,2,0,1,0,0,2,11,0,3,0,0,0,0,0,5,0,4,4,0,0
31290,0,2,0,1,7,0,0,5,49,8,16,2,25,0,1,0,4,2,2,1,0,15,13,90,0,0,0,0,7,0,2,0,2,0,0,2,5,0,0,0,0,0,0,0,5,0,0,4,0,0
33125,1,1,0,2,8,1,0,0,43,4,17,1,21,0,2,0,0,2,1,0,0,15,16,90,2,1,0,0,7,0,1,0,3,0,1,1,6,0,7,0,0,0,0,0,3,0,8,5,0,0
41129,1,3,0,2,9,0,0,6,57,2,25,2,32,0,1,0,1,0,0,1,0,19,16,110,0,0,0,0,9,0,7,0,2,0,0,1,6,0,1,0,0,0,0,0,11,0,1,5,0,0
98,3,2,0,3,7,0,0,4,77,8,22,3,43,0,5,0,1,1,0,1,0,31,31,141,0,0,1,0,8,0,3,0,4,0,0,0,6,0,2,0,0,0,0,0,10,0,2,4,0,0
42168,4,4,0,0,11,0,0,2,66,5,33,0,42,1,1,0,0,3,0,0,0,30,17,139,0,0,0,0,13,0,7,0,0,0,0,4,9,0,7,0,0,0,0,0,6,0,7,6,0,0
31035,0,2,0,0,4,0,1,2,34,2,13,0,23,0,1,0,0,0,0,0,0,17,12,72,0,0,1,0,7,0,3,0,1,0,0,2,5,0,3,0,0,0,0,0,4,0,3,4,0,0
18992,1,6,0,0,4,0,0,1,56,3,17,1,26,0,3,0,1,2,0,1,0,17,17,103,0,0,0,1,11,2,2,1,4,0,0,3,5,0,2,0,0,1,0,0,10,0,2,6,0,0
32552,0,7,0,0,3,0,0,3,51,3,20,3,33,0,4,0,2,1,0,0,0,25,15,105,0,0,1,0,12,0,2,0,4,1,0,2,5,0,1,0,0,0,0,1,5,0,1,5,0,0
32768,0,3,0,1,7,0,1,5,52,1,22,0,31,0,2,0,1,1,2,0,0,23,12,97,0,0,0,0,6,0,2,0,0,0,0,2,3,0,1,0,0,0,0,0,12,0,1,3,0,0
933,0,1,0,0,5,0,0,0,16,1,8,0,5,0,0,0,0,1,1,0,0,3,1,32,0,1,1,0,2,0,3,0,1,0,0,1,1,0,2,0,0,0,0,0,5,0,3,2,0,0
20003,2,9,0,1,8,0,1,3,62,5,19,2,37,0,4,0,4,1,2,0,0,28,17,131,0,0,0,0,17,0,3,0,2,0,0,6,8,0,5,0,0,0,0,0,7,0,5,4,0,0
14856,0,4,0,0,9,0,0,2,65,6,25,2,37,0,1,0,0,0,2,0,0,30,14,133,1,0,1,0,17,0,7,0,4,0,0,2,13,0,1,0,0,0,0,0,17,0,1,5,0,0
35353,2,7,0,2,4,0,0,3,57,2,20,1,39,0,1,0,0,1,0,0,0,29,22,119,0,0,1,0,15,0,1,1,2,0,0,2,8,0,2,0,0,0,0,0,9,0,2,5,0,0
36382,0,2,0,0,5,0,0,1,51,8,16,1,19,0,0,0,1,1,1,0,0,13,15,84,0,0,0,1,5,0,3,0,2,0,0,4,3,0,2,0,0,0,0,0,7,0,2,5,0,0
38473,0,8,0,0,5,0,0,3,50,2,20,2,29,0,3,0,1,1,0,0,0,21,14,105,0,0,0,0,18,0,4,0,2,0,0,1,10,0,1,0,0,0,0,0,9,0,1,5,0,0
14821,0,3,0,0,3,0,0,1,15,3,5,1,11,0,1,0,0,0,1,0,0,6,4,39,2,0,1,0,5,0,2,0,4,0,0,1,2,0,1,0,0,0,0,0,1,0,1,4,0,0
31331,1,2,0,0,11,0,0,5,55,5,26,0,41,0,4,0,1,4,1,1,0,29,14,124,0,0,1,0,11,0,5,0,1,0,1,1,9,0,5,0,0,0,0,0,4,0,5,5,0,0
10196,2,2,0,1,10,0,0,2,22,3,8,1,21,0,1,0,2,2,3,0,0,16,4,62,0,0,0,0,5,1,4,0,2,0,0,2,2,1,2,0,0,0,0,0,2,0,2,1,0,0
31178,0,5,0,3,6,0,0,5,68,10,22,1,29,0,1,0,1,0,1,0,0,15,18,125,0,0,0,0,10,0,2,0,2,1,0,4,5,0,9,0,0,0,1,1,12,0,9,9,0,0
769,2,5,0,1,11,0,0,1,76,6,42,2,35,0,2,0,0,1,1,1,0,23,16,142,0,1,0,0,12,0,8,0,2,1,0,2,7,0,4,1,0,0,0,0,8,0,5,8,0,0
33998,0,2,0,1,2,0,0,2,56,5,26,2,17,0,1,0,0,0,0,0,0,14,14,92,0,0,1,0,12,0,1,0,3,1,0,3,10,0,1,0,0,0,0,1,7,0,1,1,0,0
33383,2,7,0,0,4,0,0,3,64,5,21,1,37,0,4,0,2,1,0,0,0,28,17,123,1,0,2,0,12,0,2,0,4,0,0,5,5,0,2,0,0,0,0,0,10,1,2,4,0,0
41031,1,9,0,3,11,0,0,6,46,6,19,1,27,0,1,0,1,2,1,0,0,18,13,99,0,0,0,0,12,0,5,0,1,0,0,1,3,0,2,0,0,0,0,0,5,0,2,2,0,0
41297,0,7,0,0,2,0,0,1,37,5,11,1,23,0,3,0,0,0,1,0,0,17,10,76,0,0,1,0,9,0,1,0,2,0,0,0,2,0,3,0,0,0,0,0,8,0,3,5,0,0
36921,4,2,0,1,7,0,0,3,63,6,21,4,36,0,1,0,1,1,0,0,0,25,20,125,1,0,0,0,7,0,4,0,5,1,1,1,5,0,6,0,0,0,0,1,13,0,6,4,0,0
33896,1,4,0,0,3,1,1,2,38,2,11,0,26,0,1,0,1,0,0,1,0,20,14,79,0,0,1,0,9,0,1,0,1,0,0,0,5,0,2,0,0,0,0,0,9,0,2,2,0,0
23059,0,9,0,2,8,0,1,1,63,10,24,5,27,0,2,0,1,2,1,0,0,23,18,120,0,0,1,0,13,0,2,0,6,0,0,2,4,0,3,0,0,0,0,0,6,0,3,3,0,0
23576,0,3,0,1,6,0,0,2,44,5,20,0,33,0,1,0,0,1,2,1,0,22,9,97,1,0,0,0,11,0,2,1,1,0,0,3,8,0,2,0,0,0,0,0,5,0,2,8,0,0
21570,0,7,0,4,6,0,0,2,36,6,17,1,29,0,0,0,1,1,0,0,0,20,8,90,0,0,0,0,15,0,1,0,1,1,0,1,8,0,2,0,0,0,0,1,3,0,2,7,0,0
25114,0,0,0,0,2,0,0,3,48,3,15,0,17,0,2,0,0,0,0,0,0,10,11,74,0,0,0,0,6,0,2,0,1,0,0,3,6,0,0,0,1,0,0,0,14,0,0,4,0,0
15877,0,0,0,0,0,0,0,1,10,0,4,0,10,0,1,0,0,0,0,0,0,7,4,25,0,1,0,0,3,0,0,0,0,0,0,0,3,0,1,0,0,0,0,0,1,0,2,2,0,0
33982,0,5,0,1,5,0,0,1,26,4,11,0,19,0,0,0,0,3,0,0,0,16,5,63,0,0,0,0,7,0,1,0,1,1,0,3,2,0,4,0,1,0,0,1,3,0,4,2,0,0
25215,1,2,0,0,0,0,0,2,15,1,6,1,16,0,3,0,0,0,0,0,0,10,1,37,0,0,0,0,4,0,0,0,1,0,0,0,2,0,1,0,0,0,0,0,4,0,1,3,0,0
33780,1,6,0,1,5,0,0,3,51,4,28,2,37,0,1,0,0,0,0,1,0,26,9,107,0,0,1,0,10,0,4,0,3,0,0,1,4,0,1,0,0,0,0,0,8,0,1,6,0,0
34882,0,3,0,1,2,0,0,3,30,3,11,3,13,0,2,0,1,0,1,0,1,7,6,59,0,0,0,0,6,0,0,0,3,0,0,0,3,0,5,0,0,0,0,0,6,0,5,3,0,0
33522,2,9,0,0,7,0,1,8,50,3,16,2,41,0,4,0,0,1,1,0,0,28,20,123,1,2,0,0,15,1,4,0,5,0,0,1,6,0,3,0,1,0,0,0,6,0,5,3,0,0
17550,0,2,0,1,6,0,0,4,48,4,20,0,34,0,1,0,0,3,0,0,0,21,16,98,1,0,0,0,5,0,2,0,2,1,0,1,3,0,2,0,0,0,1,1,6,0,2,9,0,0
24641,1,2,0,2,9,1,0,2,67,6,31,1,34,0,2,0,2,2,0,0,0,27,15,129,0,0,0,0,12,0,3,0,1,0,1,3,10,0,6,0,0,0,0,0,8,0,6,4,0,0
42133,0,6,0,1,10,1,0,5,33,1,9,0,21,0,4,0,0,3,1,0,0,9,11,78,1,0,0,0,10,0,3,0,1,0,0,3,4,0,3,0,0,0,0,0,4,1,3,7,1,0
13,2,2,0,1,2,0,0,0,46,2,14,0,21,0,4,1,2,0,0,0,0,14,15,81,0,0,0,0,10,0,0,0,1,0,0,3,8,0,1,0,0,0,0,0,6,1,1,5,0,0
33539,1,7,0,0,5,0,0,2,46,6,23,2,31,0,1,0,0,1,1,0,0,23,11,101,1,0,0,0,13,1,3,0,4,0,0,1,6,0,2,0,0,0,0,0,4,0,2,5,0,0
17327,2,1,0,2,8,0,0,3,58,4,25,1,32,0,2,1,1,2,0,1,0,20,15,111,0,0,0,0,6,0,4,0,2,0,0,1,5,0,5,0,0,0,0,0,10,0,5,6,0,0
12278,0,3,0,2,3,0,0,2,30,5,9,0,13,0,0,0,2,0,0,0,0,10,8,54,0,0,0,0,5,0,0,0,0,0,0,1,2,0,3,0,0,0,0,0,5,1,3,1,0,0
10200,1,5,0,2,13,0,1,4,50,5,20,1,37,0,1,0,1,1,1,0,0,24,17,121,0,0,1,0,14,1,8,0,3,1,0,2,8,1,3,0,0,0,0,1,4,0,3,8,0,0
33611,0,5,0,0,5,0,0,7,82,10,33,0,51,0,5,0,2,0,1,0,0,40,21,156,0,0,1,0,14,0,3,0,2,0,1,2,9,0,2,0,1,0,0,0,9,0,2,4,0,0
905,0,2,0,0,6,0,1,0,46,5,18,0,20,0,0,0,0,0,0,1,0,18,13,78,0,1,0,0,2,1,5,0,1,0,0,1,0,0,2,0,0,0,0,0,9,0,3,1,0,0
10199,1,2,0,2,7,0,0,1,34,2,14,0,20,0,1,0,0,0,1,0,0,18,11,68,0,0,0,0,6,0,3,0,0,0,0,1,3,1,1,0,0,0,0,0,5,1,1,0,0,0
33939,0,5,0,0,2,0,0,0,21,3,8,2,13,0,1,0,0,0,0,0,0,13,6,46,0,0,0,0,6,0,2,0,2,1,0,1,1,0,1,0,0,0,0,1,2,0,1,0,0,0
17531,1,4,0,1,8,0,0,3,41,1,16,2,20,0,2,0,0,1,1,0,0,14,12,91,0,0,0,0,15,0,5,1,4,0,0,2,11,0,3,0,1,0,1,0,7,0,3,2,0,0
23555,0,5,0,0,4,0,0,3,45,9,12,0,31,0,2,0,1,2,0,0,0,26,15,98,2,0,0,1,12,0,2,0,3,0,0,0,7,0,3,0,0,0,0,0,6,0,3,2,0,0
33921,0,1,0,0,0,0,0,0,18,2,9,0,12,0,1,0,0,0,0,0,0,8,3,36,0,0,0,0,5,1,0,0,1,0,0,1,4,0,0,0,0,0,0,0,2,0,0,3,0,1
33914,1,2,0,1,2,0,0,0,35,4,13,1,28,0,1,0,0,0,1,0,0,23,15,73,0,0,1,0,5,1,0,0,3,0,0,0,3,0,0,0,0,0,0,0,2,0,0,3,0,1
33582,1,3,0,0,4,0,0,3,41,4,15,0,29,0,3,0,1,0,1,0,0,19,12,86,1,0,0,0,10,0,3,0,1,0,0,0,7,0,1,0,0,0,0,0,6,0,1,5,0,1
32258,0,4,0,0,6,0,0,0,44,5,17,0,23,0,2,0,1,1,0,0,0,16,11,83,0,0,0,0,9,0,4,0,0,0,1,2,5,0,1,0,0,0,0,0,6,0,1,7,0,0
34126,0,8,0,2,5,0,0,3,63,12,26,1,35,0,1,0,1,0,0,0,0,26,16,122,1,0,1,0,13,1,2,0,4,0,1,1,5,0,2,0,0,0,0,0,6,0,2,6,0,0
42122,2,6,0,0,8,1,0,3,64,12,28,2,26,1,3,0,1,4,0,0,0,17,14,118,0,0,0,0,14,1,2,0,3,0,0,1,8,0,3,0,0,0,0,0,5,0,3,4,0,0
18995,0,4,0,1,3,0,0,0,25,2,6,1,16,0,3,0,0,0,0,0,0,15,9,59,0,0,2,0,9,1,2,0,4,0,0,0,5,0,2,0,0,1,0,0,4,0,2,1,0,0
18448,0,7,0,3,7,0,0,7,45,5,20,1,37,0,2,0,1,1,1,0,0,24,7,101,0,0,0,0,10,1,2,0,2,0,0,2,3,0,0,0,0,0,0,0,8,0,0,6,0,0
1822,1,2,0,3,5,0,0,1,51,1,20,1,29,0,1,2,2,0,0,0,0,25,16,110,1,0,1,0,14,0,2,0,5,0,0,2,12,0,6,0,0,0,0,0,9,0,6,2,0,0
33972,0,1,0,0,6,0,0,3,41,5,17,2,13,0,3,0,1,0,2,1,0,7,15,68,0,0,0,0,3,0,3,0,3,1,1,0,2,0,1,0,1,0,0,1,0,0,1,2,0,0
31752,2,4,0,1,8,0,1,2,51,7,17,0,29,0,3,0,1,2,0,1,0,22,9,109,1,0,0,0,11,1,3,0,2,1,1,3,7,0,7,0,0,0,0,1,11,0,7,2,0,0
544,2,2,0,2,8,0,0,2,31,3,10,1,16,0,2,0,1,4,0,0,0,11,12,63,0,0,0,0,7,0,2,0,1,0,0,1,5,0,0,0,0,0,0,0,2,0,0,1,0,0
678,0,3,0,0,6,0,0,2,54,2,24,1,29,0,4,0,1,0,1,0,0,21,15,108,0,0,1,1,13,0,5,1,3,1,0,0,10,0,2,0,0,0,0,1,7,0,2,6,0,0
13492,1,5,0,3,9,0,0,4,71,5,25,1,34,0,1,0,0,1,0,1,0,25,26,136,1,0,0,1,13,0,3,0,3,0,1,4,8,0,6,0,0,0,0,0,10,1,6,3,0,0
44952,0,3,0,1,6,0,0,2,41,3,19,0,13,0,2,0,0,2,0,0,0,7,10,70,0,0,1,0,7,1,2,0,2,0,0,1,4,0,1,0,0,0,0,0,6,1,1,4,0,0
27660,1,2,1,1,9,1,0,7,72,4,37,0,52,0,6,0,0,2,0,0,0,41,18,148,1,0,0,0,10,1,5,0,3,0,0,2,8,0,2,0,0,0,0,0,5,0,2,3,0,0
719,2,7,0,1,7,0,0,2,42,7,22,2,41,0,0,0,1,1,1,2,0,31,7,105,0,0,0,0,10,0,4,0,3,0,0,0,3,0,2,0,1,0,0,0,5,0,2,4,0,0
34878,1,4,0,0,6,0,0,0,45,4,20,0,17,0,3,0,0,3,2,0,1,14,10,80,0,0,0,1,6,0,1,0,1,0,0,1,2,0,5,0,0,0,0,0,6,0,5,2,0,0
17272,1,1,0,0,3,0,0,1,11,0,4,0,11,0,0,0,0,0,0,0,0,6,5,27,0,0,0,0,1,1,2,0,1,0,0,0,0,0,0,0,0,0,0,0,2,1,0,3,0,0
44577,1,6,0,4,10,0,0,1,46,2,19,2,25,0,2,0,1,1,1,0,0,21,18,96,0,0,0,0,11,0,4,0,3,0,0,1,5,0,1,0,1,0,0,0,3,0,1,2,0,0
44363,0,4,0,1,9,1,0,5,51,7,22,2,41,0,1,0,0,1,0,0,0,31,13,127,1,0,2,1,15,0,6,0,6,1,0,2,11,0,4,0,0,0,0,1,6,0,4,5,0,0
11868,2,4,0,1,6,0,0,7,54,4,25,0,39,0,2,0,0,2,2,1,0,25,15,110,0,0,0,0,8,0,0,0,0,0,1,0,4,0,3,0,0,0,0,0,8,0,3,4,0,0
11587,0,0,0,2,5,0,0,3,40,3,22,2,26,0,0,0,0,0,0,1,0,17,9,82,0,0,0,1,4,0,2,0,3,0,1,2,4,0,4,0,0,0,0,0,4,0,4,4,0,1
44333,1,1,0,2,10,1,0,1,61,4,26,0,36,0,5,0,2,2,0,0,0,27,16,123,0,0,0,0,10,2,5,1,3,0,0,1,9,0,3,0,1,0,0,0,6,0,3,7,0,0
42136,0,3,0,1,2,0,0,2,52,3,24,1,21,0,1,0,0,0,0,0,0,15,15,83,1,0,0,0,5,0,1,0,2,0,0,2,2,0,1,0,0,0,0,0,6,0,1,4,1,0
32298,0,3,0,2,7,0,0,4,59,11,18,1,32,0,0,0,2,1,1,1,0,21,15,110,0,0,0,0,8,0,3,0,2,0,0,2,5,0,2,0,1,0,0,0,11,0,2,6,0,0
17154,2,3,0,0,3,0,0,2,37,4,14,3,28,0,0,0,1,0,0,0,0,22,11,81,0,0,0,0,8,0,3,0,3,0,0,0,5,0,2,0,0,0,0,0,7,0,2,2,0,0
44335,1,5,0,1,6,1,0,0,38,3,13,0,22,0,1,0,0,0,0,0,0,18,11,79,0,0,0,0,11,0,4,0,0,0,0,1,6,0,2,0,0,0,0,0,9,0,2,3,0,0
32682,1,10,0,4,13,1,0,1,85,5,44,3,43,0,3,0,1,1,1,0,0,32,19,170,0,0,0,0,23,0,5,1,3,0,1,2,13,0,3,0,0,0,0,0,10,0,3,9,0,0
33439,1,7,0,1,16,0,0,2,84,7,35,0,38,0,3,0,1,4,2,0,0,25,22,161,0,0,0,0,19,0,9,0,0,0,0,2,12,0,4,0,0,0,0,0,14,0,4,10,0,0
17100,3,8,0,1,2,0,0,2,40,4,12,0,25,0,0,0,2,0,0,1,0,15,14,82,0,0,0,0,12,1,1,0,1,0,0,0,4,0,2,0,0,0,0,0,8,0,2,4,0,0
18997,0,4,0,0,8,1,0,0,82,7,28,3,38,0,4,0,2,3,0,0,0,29,29,154,0,0,0,0,18,1,4,0,4,0,0,2,14,0,4,0,0,1,0,0,9,0,4,9,0,0
42076,0,3,0,0,1,0,0,2,28,1,16,1,13,0,1,0,0,1,0,1,0,7,6,52,0,0,0,1,6,0,0,0,2,0,0,0,3,0,2,0,0,0,0,0,4,0,2,3,0,0
11872,0,2,0,1,2,0,0,2,26,3,14,0,14,0,1,0,1,0,0,0,0,10,4,50,1,0,1,0,5,0,0,0,2,0,0,1,3,0,1,0,0,0,0,0,2,1,1,2,0,0
42019,0,1,0,2,3,0,0,2,24,1,12,0,14,0,0,0,0,0,0,0,0,7,9,49,1,0,0,0,5,0,1,0,1,0,0,0,4,0,2,0,0,0,0,0,2,0,2,5,0,0
44630,0,1,0,1,2,0,0,2,32,6,11,0,10,0,1,0,1,0,0,0,0,7,7,48,0,0,0,0,2,0,1,0,0,0,0,1,1,0,2,0,0,0,0,0,5,0,2,1,0,0
42504,0,2,0,1,3,0,0,2,36,3,19,1,14,0,0,0,0,1,0,0,0,11,7,66,2,0,0,0,7,1,1,0,5,0,0,1,5,0,1,0,1,0,0,0,6,0,1,1,0,0
32792,1,2,0,0,11,0,1,3,64,5,24,2,33,0,2,0,2,0,3,0,0,25,17,128,0,0,0,0,12,0,7,0,2,1,0,4,10,0,5,0,0,0,0,1,10,0,5,4,0,0
34215,1,5,0,3,11,0,0,1,31,2,13,1,21,0,1,0,0,1,2,0,0,17,11,75,0,0,0,0,7,0,5,0,1,1,0,1,2,0,3,0,0,0,0,1,3,0,3,2,0,0
33449,0,3,0,1,5,0,0,4,34,4,12,1,26,0,1,0,0,1,0,1,0,19,10,76,0,1,0,1,7,0,3,0,2,0,0,1,4,0,1,0,0,0,0,0,6,0,2,2,0,0
17559,0,3,0,3,10,0,0,1,64,11,26,2,37,0,3,1,0,2,0,0,0,28,14,134,0,0,0,0,11,0,5,0,4,0,0,2,8,0,8,0,0,0,1,0,8,0,8,7,0,1
44879,1,5,0,1,6,1,0,2,76,11,28,1,39,0,3,1,0,1,1,1,0,28,21,144,1,0,1,2,12,0,2,0,6,0,0,3,7,0,5,0,0,0,0,0,10,0,5,7,0,0
33980,1,3,0,1,3,0,0,1,24,3,11,1,13,0,0,0,0,0,0,1,0,7,7,51,0,0,0,0,7,0,2,0,1,1,0,1,4,0,2,0,0,0,0,1,2,0,2,3,0,0
31497,0,1,0,0,2,0,0,1,36,4,14,1,24,0,2,0,0,1,0,0,0,17,12,74,0,0,0,0,5,0,1,0,2,0,0,0,4,0,5,0,0,0,1,0,4,0,5,6,0,0
33658,0,1,0,3,9,0,0,3,63,3,29,2,28,0,1,0,1,1,1,0,0,22,16,113,0,0,0,0,4,2,4,0,4,1,0,1,3,0,4,0,0,0,0,1,12,0,4,3,0,0
41440,2,0,0,0,0,0,0,2,41,4,14,0,25,0,1,0,0,0,0,0,0,18,12,75,1,0,0,0,4,0,0,0,1,0,0,3,4,0,4,0,0,0,0,0,7,0,4,3,0,0
32844,1,4,0,2,7,1,0,4,47,5,15,4,38,0,1,0,1,0,0,0,0,28,15,109,1,1,0,0,8,0,4,0,5,0,0,3,4,0,3,0,0,0,0,0,7,0,4,5,0,0
31371,0,3,0,1,3,1,0,1,31,3,15,1,18,0,1,0,0,0,0,0,0,12,4,61,0,0,0,0,5,0,1,0,1,0,0,3,2,0,3,0,0,0,0,0,5,0,3,5,0,0
33294,0,4,0,3,8,0,0,3,65,4,22,2,29,0,3,0,2,3,0,0,0,21,23,118,1,0,0,0,10,0,2,0,4,0,0,2,6,0,2,0,1,0,0,0,9,0,2,5,0,0
10203,1,5,0,1,6,1,0,3,50,7,18,2,25,0,2,0,1,1,1,0,0,19,12,94,0,0,0,0,10,0,2,0,2,0,0,0,4,1,1,0,0,0,0,0,10,0,1,2,0,0
41480,0,1,0,0,3,0,0,0,17,4,5,0,5,0,0,0,0,1,0,0,0,2,5,29,0,0,0,0,3,0,2,0,0,0,0,1,2,0,1,0,0,0,0,0,2,0,1,3,0,0
7716,0,5,0,1,9,0,0,2,62,6,30,0,43,0,4,0,1,4,0,0,0,37,15,127,0,0,0,0,10,0,3,0,0,0,0,2,5,0,3,0,0,0,0,0,4,1,3,4,0,0
10243,0,1,0,5,10,0,0,5,67,9,26,2,27,0,1,0,0,2,0,0,0,19,20,124,0,1,5,1,9,0,2,0,8,0,1,3,8,0,2,0,0,0,0,0,8,0,3,3,0,0
34641,0,3,0,1,5,0,0,1,56,7,22,1,28,0,2,0,1,1,1,0,0,20,11,103,0,0,0,0,6,0,2,0,1,0,0,3,3,0,7,0,0,0,0,0,10,0,7,7,0,0
40934,0,2,0,1,5,0,1,2,38,5,13,1,18,0,1,0,2,0,1,0,0,15,9,68,0,0,0,0,4,0,2,0,1,0,0,1,2,0,2,0,0,0,0,0,7,0,2,1,0,0
550,0,2,0,0,4,0,0,1,60,7,21,1,26,0,4,0,0,0,2,0,0,23,17,104,0,0,0,0,9,0,2,0,1,0,0,3,7,0,4,0,0,0,0,0,8,0,4,2,0,0
44572,2,6,0,3,6,0,0,1,70,7,31,0,29,0,2,0,2,1,2,1,0,19,13,123,0,0,0,0,16,0,0,1,0,0,0,1,10,0,2,0,0,0,0,0,13,0,2,6,0,0
34874,0,3,0,3,7,0,0,5,51,5,24,2,28,0,3,0,0,0,0,0,0,19,10,103,1,0,1,0,11,0,4,0,4,0,0,0,8,0,2,0,0,0,0,0,9,0,2,4,0,0
742,4,5,0,2,10,0,0,2,54,6,29,1,37,0,3,0,0,4,0,1,0,28,9,117,1,0,0,0,12,0,4,0,3,0,0,1,7,0,1,0,1,0,0,0,6,0,1,2,0,0
33979,3,3,0,0,6,0,0,2,35,4,13,2,23,0,3,0,0,1,0,0,0,15,9,76,0,0,0,0,8,0,4,0,2,1,0,2,5,0,1,0,0,0,0,1,4,1,1,3,0,0
910,0,2,0,0,3,1,0,4,41,6,18,2,23,0,3,0,0,1,0,0,0,14,9,80,1,1,0,0,5,0,1,0,4,0,0,2,3,0,3,0,1,0,0,0,3,0,4,5,0,0
41485,0,8,0,1,7,0,0,2,64,5,23,1,24,0,4,0,2,2,2,0,0,20,16,121,0,0,0,0,19,1,1,0,3,0,0,3,11,0,4,0,1,0,0,0,11,1,4,2,0,0
29176,0,1,0,1,2,0,0,1,37,6,12,1,13,0,3,0,1,1,0,0,0,11,13,61,0,1,0,0,5,0,0,0,1,0,0,0,4,0,2,0,0,0,0,0,2,0,3,1,0,0
41176,0,7,0,3,9,0,0,6,48,5,23,1,41,0,3,0,0,2,0,2,0,28,10,119,0,0,0,0,15,1,4,0,3,0,0,0,8,0,3,0,0,0,1,0,7,0,3,5,0,0
920,0,2,0,1,8,0,0,3,36,5,10,0,12,0,0,0,1,2,1,0,0,8,10,65,0,1,0,0,7,0,4,1,0,0,0,3,5,0,1,0,0,0,0,0,6,0,2,1,0,0
44053,0,2,0,0,6,0,0,2,36,3,19,0,18,0,1,0,0,2,0,0,0,15,7,71,0,0,1,0,8,0,4,0,3,0,0,2,6,0,0,0,1,0,1,0,4,0,0,0,0,1
16449,0,5,0,1,1,0,0,0,24,1,7,0,8,0,2,0,0,0,0,0,0,5,9,40,0,0,0,0,5,0,0,0,0,0,0,1,0,0,2,0,0,0,0,0,4,0,2,3,0,0
33989,0,4,0,0,5,0,0,3,38,3,14,1,31,0,2,0,1,0,0,0,0,24,10,88,0,0,2,0,8,0,4,0,3,1,1,1,4,0,2,0,0,0,0,1,7,0,2,3,0,1
18975,0,3,0,1,3,0,1,0,41,3,18,2,19,0,2,0,1,0,0,0,0,15,7,80,2,0,0,1,8,0,1,0,6,0,0,2,5,0,3,0,1,0,0,0,8,0,3,4,0,0
921,0,2,0,1,3,0,0,1,38,1,13,0,20,0,6,0,0,0,0,0,0,13,15,72,0,1,0,0,5,0,2,0,0,0,0,0,3,0,5,0,0,0,0,0,3,0,6,6,0,0
12802,0,3,0,0,4,0,0,3,46,2,21,0,29,0,4,0,1,1,1,0,0,18,13,94,2,0,0,1,9,0,2,0,3,0,0,0,6,0,3,0,0,0,0,0,5,0,3,8,0,0
10197,3,0,0,1,5,1,0,2,38,3,18,1,23,0,1,0,1,0,1,0,0,15,11,75,0,0,1,0,4,0,2,0,2,0,0,2,3,1,3,0,0,0,0,0,2,0,3,3,0,0
8706,2,6,0,1,5,0,0,1,59,5,28,1,36,0,3,0,1,0,0,0,0,26,11,114,0,0,0,0,9,0,4,0,2,0,0,2,3,0,3,0,1,0,0,0,9,0,3,7,0,0
661,1,4,1,1,10,0,0,0,40,3,19,2,25,0,1,0,1,1,0,0,0,21,9,90,0,0,1,0,7,1,7,0,5,0,0,1,3,0,3,0,0,0,0,0,6,1,3,3,0,0
12208,0,1,0,0,5,0,0,3,47,7,17,0,24,0,1,0,1,1,1,0,0,19,11,82,0,0,0,0,5,1,3,0,1,0,0,4,4,0,0,0,0,0,0,0,6,0,0,2,0,0
31501,1,3,0,1,2,0,0,1,27,4,12,2,11,0,1,0,0,1,0,0,0,6,6,48,0,0,0,0,6,0,0,0,2,0,0,0,3,0,0,0,0,0,0,0,4,0,0,3,0,0
44361,0,4,0,0,5,1,0,1,43,5,19,1,18,0,1,0,0,1,0,0,0,15,7,82,1,0,0,0,9,0,2,0,4,0,1,2,5,0,3,0,1,0,1,0,9,0,3,2,0,0
617,0,5,0,1,4,0,0,3,55,6,24,1,20,0,2,0,0,1,0,0,0,14,14,90,0,0,0,0,9,0,2,0,1,0,0,3,4,0,1,0,0,0,0,0,6,0,1,3,0,0
577,0,4,0,0,4,0,0,4,38,2,18,2,32,0,1,0,0,1,1,0,0,22,9,89,0,0,0,0,8,0,2,0,2,0,0,2,4,0,5,0,0,0,0,0,6,0,5,5,0,1
18546,1,6,0,3,15,2,1,5,66,8,29,2,40,0,1,0,2,0,2,0,0,29,19,142,0,0,1,0,11,2,7,0,6,0,0,2,5,0,4,0,0,0,1,0,5,0,4,5,0,0
11378,1,1,0,0,4,0,0,4,43,9,14,1,21,0,1,0,1,1,0,0,0,13,13,78,0,0,0,0,8,0,3,0,1,1,0,2,7,0,0,0,0,0,0,1,3,0,0,3,0,0
33973,0,4,0,1,3,0,0,3,28,2,14,1,15,0,0,0,1,0,0,0,0,12,6,54,0,0,0,0,6,0,2,0,1,1,0,1,2,0,0,0,0,0,0,1,4,0,0,0,0,0
33952,2,3,0,1,8,0,1,3,36,4,13,2,17,0,3,0,1,0,0,0,0,12,7,73,0,0,0,0,9,0,5,0,2,1,1,3,6,0,0,0,0,0,0,1,5,0,0,0,0,0
6027,0,2,0,2,6,1,1,2,27,2,12,0,17,0,2,0,1,0,1,0,0,15,7,55,0,0,0,0,5,0,1,0,0,0,0,1,3,0,0,0,0,0,0,0,2,0,0,0,0,0
755,0,3,0,1,4,0,0,2,25,1,7,1,15,0,0,0,0,0,0,0,0,9,12,53,0,0,0,0,6,0,3,0,2,0,0,0,3,0,1,0,1,0,0,0,5,0,1,3,0,1
280,0,2,0,4,7,0,1,4,75,5,24,1,24,0,1,0,2,1,0,0,0,17,26,123,0,0,2,0,7,1,1,0,5,0,0,2,5,0,5,0,1,0,0,0,15,0,5,3,0,0
1033,0,3,0,0,1,0,0,0,11,1,5,0,7,0,0,0,0,0,0,0,0,6,3,23,0,0,0,0,4,0,1,0,0,0,0,0,1,0,0,0,0,0,0,0,2,0,0,1,0,0
44983,0,2,0,1,5,0,0,2,35,3,19,0,22,0,3,0,0,0,1,1,0,15,6,67,0,0,0,1,3,0,2,0,1,0,0,1,1,0,1,0,0,0,0,0,3,1,1,3,0,1
14344,0,4,0,1,4,0,0,4,51,6,20,0,17,0,0,0,1,3,0,0,0,11,13,83,0,0,0,0,10,0,0,0,0,0,0,2,6,0,1,0,0,0,0,0,9,0,1,2,0,0
26524,0,1,0,2,4,0,0,0,23,3,9,2,7,0,0,0,1,1,0,0,0,6,4,39,0,0,0,0,2,0,1,0,2,0,0,0,1,0,1,0,0,0,0,0,6,0,1,1,0,0
19972,2,5,0,2,10,0,0,2,49,4,20,1,37,0,4,0,0,0,2,0,0,27,15,111,0,0,0,0,9,1,5,0,2,0,0,0,4,0,4,0,0,0,0,0,6,1,4,6,0,0
9907,0,1,0,0,2,0,0,3,27,0,11,0,23,0,1,0,0,2,0,0,0,16,4,61,0,0,0,0,6,0,0,0,0,0,0,2,5,0,3,0,0,0,0,0,9,0,3,4,0,0
44158,0,1,0,0,3,0,0,0,29,3,10,3,15,0,2,0,0,1,0,0,0,14,5,59,0,0,0,0,8,0,2,0,3,0,0,2,7,0,1,0,0,0,0,0,7,0,1,1,0,0
41867,0,0,0,0,5,0,1,1,39,3,14,1,21,0,1,0,0,2,0,0,0,19,12,70,0,0,1,0,1,0,2,0,2,0,0,1,1,0,2,0,0,0,0,0,8,0,2,1,0,0
18488,0,3,0,0,5,0,0,0,43,4,22,0,13,0,2,0,1,0,1,0,0,11,6,69,0,0,0,0,5,0,4,0,0,0,0,1,2,0,3,0,0,0,0,0,7,0,3,2,0,0
7316,0,5,0,0,6,0,0,2,55,3,29,1,32,0,3,0,0,2,0,0,0,25,9,107,0,0,0,0,11,2,4,0,3,0,0,3,6,0,0,0,0,0,0,0,8,0,0,5,0,0
31249,0,4,0,1,3,0,0,2,35,4,18,0,15,0,1,0,0,2,0,1,0,11,9,65,0,0,0,0,8,1,0,0,1,0,0,1,4,0,3,0,0,0,0,0,2,0,3,1,0,0
32113,0,4,0,1,11,1,0,5,51,2,21,0,38,0,3,1,1,2,1,0,0,28,13,116,1,0,2,0,8,0,3,0,4,0,3,1,4,0,4,0,0,0,0,0,10,0,4,5,0,0
42135,3,4,0,2,5,0,0,4,56,3,22,1,31,0,1,0,0,1,0,0,0,17,20,108,2,0,0,1,7,1,1,0,6,0,1,2,3,0,3,0,1,0,0,0,7,0,3,7,1,0
12890,1,1,0,0,3,0,0,2,36,5,15,1,25,0,1,0,1,1,0,1,0,15,8,72,0,0,0,0,4,0,2,0,1,0,0,0,3,0,3,0,0,0,0,0,6,0,3,6,0,0
3587,0,4,0,3,9,0,0,4,33,4,9,2,19,0,1,0,0,1,1,0,0,12,13,76,0,0,0,0,11,0,2,0,2,0,1,1,7,0,2,0,0,0,0,0,5,1,2,3,0,0
28251,1,3,0,1,6,0,0,4,36,2,15,2,28,0,1,0,0,2,0,0,0,19,13,82,0,0,0,0,5,0,2,0,2,0,1,0,2,0,5,0,0,0,0,0,5,0,5,4,0,0
6122,0,1,0,0,2,0,0,2,14,1,6,2,17,0,0,0,0,1,0,0,0,14,5,37,0,0,0,0,2,0,1,0,2,0,0,1,1,0,0,0,0,0,0,0,1,0,0,1,0,0
18994,0,9,0,1,6,0,0,3,52,6,21,0,21,0,2,0,1,1,1,0,0,16,13,94,0,0,0,0,12,0,2,0,1,0,0,1,3,0,2,0,1,1,0,0,7,1,2,2,0,0
18974,1,4,0,2,10,0,1,2,56,4,22,0,34,1,1,0,1,1,1,1,0,24,14,116,0,0,0,1,10,0,4,0,1,2,0,4,6,0,3,0,0,0,0,2,10,0,3,6,0,0
937,1,1,0,1,1,0,0,0,28,5,12,0,12,0,2,0,0,0,0,0,0,10,5,45,0,1,0,0,2,0,0,0,0,0,0,0,1,0,1,0,0,0,0,0,4,0,2,1,0,0
2062,0,4,0,2,3,0,0,1,36,1,17,1,9,0,3,0,0,0,0,0,0,7,12,64,0,0,0,0,9,0,1,0,3,0,0,0,5,0,4,0,2,0,0,0,3,0,4,1,0,0
33932,0,2,0,0,1,0,0,2,15,1,7,1,13,0,1,0,0,1,0,0,0,10,5,36,0,0,0,0,5,0,0,0,1,1,0,0,3,0,0,0,0,0,0,1,1,0,0,1,0,0
23887,0,0,0,0,1,0,0,0,16,0,6,0,10,0,0,0,0,0,0,0,0,9,6,29,0,0,0,0,2,0,1,0,0,0,0,1,2,0,0,0,0,0,0,0,3,0,0,1,0,0
41926,2,1,0,1,5,0,0,1,34,5,14,2,20,0,2,0,0,2,0,0,0,15,8,68,0,0,2,0,4,0,2,0,4,0,0,1,3,0,1,0,0,0,0,0,4,0,1,2,0,0
17208,2,1,0,0,0,0,0,2,29,5,9,0,20,0,1,0,0,0,0,1,0,13,7,51,0,0,0,1,1,0,0,0,1,0,0,1,0,0,0,0,0,0,0,0,6,0,0,2,0,0
2617,1,5,0,2,10,0,1,3,58,10,21,1,29,0,2,0,3,1,1,0,0,21,18,117,0,1,0,1,11,1,4,0,3,0,1,2,6,0,5,0,0,0,0,0,2,0,6,4,0,0
44322,0,2,0,4,15,1,1,5,66,6,29,1,25,0,2,0,0,4,0,0,0,17,16,121,1,0,0,0,5,0,5,0,2,0,0,5,3,0,8,0,0,0,0,0,8,0,8,3,0,0
41778,0,11,0,1,5,0,0,0,55,5,19,1,30,0,4,0,1,3,0,0,0,26,21,110,0,0,0,0,16,0,1,0,1,0,0,1,5,0,3,0,0,0,0,0,4,0,3,4,0,0
33981,0,0,0,0,2,0,0,1,24,3,15,0,8,0,1,0,0,0,0,0,0,7,1,42,0,0,2,0,3,0,2,0,2,1,0,0,3,0,2,0,0,0,0,1,4,0,2,0,0,0
40881,0,1,0,0,4,0,0,2,23,3,12,2,19,0,0,0,0,1,0,0,0,14,6,55,0,0,0,0,6,0,3,0,2,0,0,0,5,0,1,0,0,0,0,0,2,0,1,3,0,0
35955,0,2,0,0,2,0,0,1,18,2,9,1,5,0,0,0,0,0,0,0,0,4,5,34,0,0,0,0,7,1,2,0,2,0,0,1,5,0,0,0,0,0,0,0,1,0,0,0,0,0
28758,0,3,0,1,2,0,0,1,30,1,15,0,12,0,2,0,0,0,1,0,0,10,6,54,0,0,0,0,7,0,0,0,0,0,0,2,4,0,3,0,0,0,0,0,4,0,3,1,0,0
33969,1,6,0,0,2,0,0,4,49,4,19,2,34,0,3,0,0,1,0,0,0,26,13,101,0,0,0,0,10,0,1,0,2,1,0,4,4,0,3,0,0,0,0,1,6,0,3,3,0,0
918,1,5,0,2,11,0,0,2,40,1,15,1,24,0,5,0,0,2,2,0,0,16,10,90,0,1,0,0,12,0,5,0,1,0,0,2,7,0,1,0,0,0,0,0,7,0,2,5,0,0
41982,1,4,0,0,3,0,0,2,35,4,10,0,26,0,1,0,1,0,0,1,0,18,10,77,0,0,0,0,9,0,3,0,0,0,0,1,5,0,4,0,0,0,0,0,8,0,4,4,0,0
10245,0,8,0,2,5,0,0,2,59,4,21,1,40,0,1,0,1,1,0,1,0,29,20,123,1,0,0,0,12,1,2,0,3,1,0,5,4,0,3,0,0,0,0,1,7,0,3,8,0,0
44559,2,5,0,2,7,0,0,4,61,7,25,0,29,0,2,0,0,2,1,0,0,21,15,113,0,0,1,0,11,0,1,0,1,0,1,2,6,0,4,0,0,0,0,0,10,0,4,2,0,0
18977,0,3,0,0,7,0,1,2,58,7,20,0,30,0,3,0,1,0,0,1,0,21,12,107,0,0,1,0,10,0,6,0,2,0,0,6,7,0,0,0,0,0,1,0,9,0,0,6,0,0
18929,0,4,0,4,9,0,1,4,60,5,24,1,33,0,3,0,1,0,0,0,0,24,12,121,3,0,1,0,11,0,4,0,5,0,0,4,7,0,3,0,0,0,0,0,11,0,3,5,0,0
33916,2,0,0,3,8,0,0,0,31,1,15,0,24,0,4,0,0,2,0,0,0,17,4,66,0,0,0,0,3,0,3,0,0,0,0,2,3,0,0,0,0,0,0,0,5,0,0,4,0,1
42512,0,3,0,0,5,0,0,1,41,6,18,2,22,0,0,0,1,1,1,0,0,19,9,78,0,0,0,0,8,0,2,0,2,0,1,1,5,0,0,0,0,0,0,0,6,0,0,2,0,0
34880,1,4,0,0,3,0,0,1,34,4,10,1,18,0,2,0,0,0,0,0,1,9,12,63,0,0,0,0,5,0,3,0,1,0,0,0,1,0,2,0,0,0,0,0,5,0,2,7,0,0
948,0,2,0,1,4,0,0,0,23,3,6,1,15,0,2,0,0,1,0,0,0,12,7,52,0,1,0,0,5,0,2,0,1,0,0,2,3,0,3,0,0,0,0,0,3,0,4,3,0,0
33925,0,3,0,2,8,0,1,1,40,5,24,0,21,0,0,0,0,1,0,1,0,15,5,81,0,0,0,0,11,0,4,0,0,0,0,0,8,0,1,0,0,0,0,0,6,0,1,3,0,1
12243,0,3,0,1,9,0,0,3,63,5,21,1,33,0,3,0,0,2,2,0,0,24,23,118,0,0,0,0,7,0,4,0,1,0,0,3,4,0,5,0,0,0,0,0,8,0,5,6,0,0
41410,0,0,0,0,4,0,1,2,16,3,5,1,11,0,2,0,0,0,0,0,0,9,4,38,0,0,0,0,2,0,1,0,3,0,1,0,2,0,2,0,1,0,1,0,2,1,2,0,0,0
41172,0,2,0,1,1,0,0,0,15,2,5,0,6,0,1,0,1,0,0,0,0,5,4,26,0,0,0,0,3,0,0,0,0,0,0,0,1,0,1,0,0,0,0,0,2,0,1,1,0,0
43369,0,3,0,1,6,0,0,0,64,2,30,1,31,0,1,0,0,2,1,1,0,28,18,114,0,0,0,0,8,0,2,0,1,0,0,1,5,0,4,0,0,0,0,0,12,0,4,2,0,0
42130,0,3,0,0,7,2,0,0,54,6,19,4,32,1,3,0,0,1,1,0,0,28,15,111,0,0,0,0,10,1,2,0,5,0,0,1,7,0,3,0,0,0,0,0,10,0,3,4,0,0
33904,0,0,0,0,1,0,0,1,30,1,14,1,14,0,2,0,0,0,0,0,0,9,8,54,0,0,0,0,4,0,1,0,1,0,0,3,4,0,4,0,0,0,0,0,2,0,4,3,0,1
18497,0,1,0,0,2,0,0,1,12,1,3,0,8,0,3,0,0,0,0,0,0,7,2,26,0,0,1,0,3,0,2,0,1,0,0,1,2,0,0,0,0,0,0,0,2,0,0,0,0,0
675,1,2,0,0,2,0,0,1,22,2,6,0,13,0,1,0,0,0,0,0,0,9,10,43,0,0,0,0,4,1,2,1,1,0,0,1,2,0,1,0,0,0,0,0,1,0,1,2,0,0
936,1,1,0,0,3,0,0,2,10,2,2,1,15,0,2,0,0,1,1,0,0,11,2,34,0,1,0,1,2,0,1,0,2,0,0,1,1,0,1,0,0,0,0,0,1,0,2,1,0,0
759,1,1,0,0,2,0,0,0,17,2,9,0,14,0,0,0,0,0,0,0,0,11,4,38,0,0,0,0,1,0,2,0,1,0,0,0,0,0,3,0,1,0,0,0,2,0,3,2,0,0
41861,0,3,0,1,4,0,0,1,23,2,12,0,18,0,1,0,1,0,0,1,0,13,4,55,0,0,0,0,8,0,3,0,0,0,0,3,5,0,2,0,0,0,0,0,0,0,2,3,0,0
40944,1,5,0,2,4,0,1,2,28,2,12,0,14,0,0,0,0,0,1,1,0,8,3,58,0,0,1,0,9,0,0,0,1,0,0,2,4,0,2,0,0,0,0,0,9,0,2,2,0,0
33958,0,2,0,0,6,0,0,2,43,3,18,0,15,0,1,0,1,1,1,0,0,12,15,70,0,0,0,0,5,0,4,0,0,1,0,0,3,0,0,0,0,0,0,1,5,0,0,1,0,0
930,0,3,0,0,1,0,0,2,30,2,15,0,12,0,1,0,1,0,1,0,0,10,3,53,2,1,0,0,5,0,0,1,2,0,0,1,2,0,2,0,0,0,0,0,6,0,3,0,0,0
41084,1,1,0,1,3,0,0,2,29,1,13,1,11,0,0,0,1,0,0,0,0,7,8,51,0,0,0,1,3,0,2,0,2,0,0,2,2,0,3,0,0,0,0,0,4,0,3,1,0,0
695,3,2,0,0,6,1,0,4,52,5,18,0,42,0,2,0,1,1,1,0,0,29,17,108,0,0,0,0,6,1,3,1,1,0,0,2,4,0,1,0,0,0,0,0,6,0,1,6,0,0
946,0,4,0,0,4,0,0,2,37,6,11,1,19,0,1,0,1,2,1,0,0,11,11,74,1,1,0,0,8,0,1,0,3,0,0,1,4,0,2,0,1,0,0,0,6,0,3,6,0,0
659,0,2,1,0,8,0,0,3,50,1,24,1,25,0,2,0,2,1,2,1,0,13,12,94,0,0,0,0,9,0,5,0,2,0,0,2,7,0,0,0,0,0,0,0,7,0,0,8,0,0
42134,0,3,0,1,4,0,0,2,23,3,9,0,19,0,2,0,0,0,0,0,0,12,5,55,0,0,0,0,7,0,2,0,0,0,0,1,4,0,2,0,0,0,0,0,2,1,2,5,1,0
945,0,3,0,1,6,0,0,2,25,5,9,1,22,0,0,0,0,3,0,0,0,16,7,67,0,1,0,0,10,0,2,0,1,0,0,1,7,0,2,0,0,0,0,0,3,0,3,4,0,0
17376,1,3,0,2,5,0,0,2,42,5,19,0,24,0,3,0,1,0,0,0,0,18,11,78,1,0,0,0,4,0,2,0,1,0,0,0,1,0,2,0,0,0,0,0,3,1,2,3,0,0
11374,1,5,0,0,3,0,0,3,46,6,15,2,24,0,2,0,0,1,2,0,0,17,17,91,2,0,0,0,10,0,0,0,4,1,0,1,5,0,3,0,0,0,0,1,5,0,3,3,0,0
34879,1,1,0,0,1,0,0,0,23,2,11,1,6,0,1,0,0,0,0,0,1,3,4,37,0,0,0,0,5,0,1,0,1,0,0,0,4,0,1,0,0,0,0,0,4,0,1,2,0,0
34881,0,1,0,0,2,0,0,1,33,1,14,0,16,0,0,0,0,0,0,0,1,12,14,54,0,0,0,0,2,0,2,0,0,0,0,0,1,0,1,0,0,0,0,0,3,0,1,3,0,0
14940,0,3,0,1,3,0,0,2,23,0,10,1,13,0,0,0,1,0,1,0,0,7,7,50,1,0,1,0,7,0,1,0,3,0,0,2,4,0,1,0,0,0,0,0,3,0,1,4,0,0
33966,0,1,0,0,3,0,0,0,27,1,13,0,16,0,2,0,0,0,0,0,0,11,9,51,0,0,0,0,4,0,2,0,0,1,0,0,3,0,0,0,0,0,0,1,2,1,0,5,0,0
17137,1,4,0,0,3,0,0,1,28,1,17,1,21,0,1,0,0,1,1,1,0,15,6,63,0,0,0,0,9,0,1,1,1,0,0,0,5,0,1,0,0,0,0,0,2,0,1,3,0,0
11402,0,6,0,2,10,0,1,3,53,3,22,0,28,0,6,0,0,1,1,1,0,23,11,104,0,0,0,0,8,1,5,0,1,0,0,2,2,0,4,0,0,0,0,0,9,0,4,1,0,0
8448,0,0,0,0,0,0,0,0,1,0,1,0,0,0,0,0,0,0,0,0,0,0,0,1,0,0,0,0,0,0,0,0,0,0,0,0,0,0,0,0,0,0,0,0,0,0,0,0,0,0
11558,0,0,0,0,0,0,0,1,0,0,0,0,1,0,0,0,0,0,0,0,0,0,0,1,0,0,0,0,0,0,0,0,0,0,0,0,0,0,0,0,0,0,0,0,0,0,0,0,0,0
10204,2,5,0,4,14,0,0,2,52,2,24,1,32,0,3,1,1,2,0,0,0,26,13,120,0,0,0,0,14,0,7,0,3,0,1,1,8,1,5,0,1,0,0,0,8,0,5,2,0,0
32092,0,1,0,0,3,0,0,0,29,7,10,0,8,0,1,0,0,3,0,0,0,6,9,51,0,0,0,0,8,0,0,0,0,0,0,0,7,0,3,0,0,0,0,0,2,0,3,2,0,0
17534,0,2,0,2,9,0,0,2,50,5,20,0,24,0,0,0,0,2,1,0,0,17,17,99,1,0,0,0,10,0,4,0,2,0,0,2,8,0,4,0,0,0,1,0,6,0,4,5,0,0
906,1,9,0,1,9,1,0,1,45,4,17,1,32,0,0,0,1,2,2,0,0,25,13,111,0,2,0,0,17,0,2,0,2,0,1,1,8,0,4,0,1,0,0,0,9,0,6,5,0,0
33936,0,1,0,0,2,0,0,3,24,1,9,0,14,0,1,0,0,0,0,1,0,9,7,51,0,0,0,0,7,1,2,0,1,1,0,1,6,0,2,0,0,0,0,1,5,0,2,1,0,0
15682,1,3,0,0,4,0,0,1,21,2,8,0,11,0,0,0,0,1,1,0,0,8,5,46,0,0,0,0,9,0,2,0,0,0,0,2,6,0,1,0,0,1,0,0,3,0,1,1,0,0
32899,0,0,0,0,0,0,0,1,19,1,7,0,9,0,0,0,1,0,0,0,0,7,7,32,0,0,0,0,2,0,0,0,0,0,0,1,2,0,2,0,0,0,0,0,2,0,2,1,0,0
9841,0,3,0,1,3,0,0,0,26,3,15,2,17,0,0,0,0,0,0,0,0,15,3,56,0,0,0,0,6,0,2,0,2,0,0,1,3,0,2,0,0,0,0,0,4,0,2,2,0,0
944,0,2,0,0,3,0,0,1,22,3,9,0,12,0,0,0,0,0,2,0,0,8,7,42,0,1,0,0,3,0,0,0,1,0,1,1,1,0,0,0,1,0,0,0,2,0,1,3,0,0
31770,0,5,0,2,5,0,0,1,48,5,22,0,21,0,3,0,0,0,0,0,0,19,10,89,0,0,1,0,13,0,3,0,1,0,0,2,8,0,1,0,0,0,0,0,6,0,1,1,0,0
18432,0,0,0,0,1,0,0,2,6,0,0,0,7,0,1,0,0,0,0,0,0,4,4,15,0,0,0,0,0,0,1,0,0,0,0,1,0,0,1,0,0,0,0,0,0,0,1,1,0,0
33993,0,1,0,0,3,0,0,0,23,0,11,0,16,0,2,0,0,1,0,0,0,14,8,48,0,0,1,0,1,1,2,0,2,1,0,1,0,0,2,0,0,0,0,1,1,0,2,2,0,0
33911,1,1,0,0,4,0,0,1,22,0,9,0,9,0,0,0,0,1,0,0,0,5,8,41,0,0,0,1,2,0,3,0,1,0,0,0,1,0,3,0,0,0,0,0,5,0,3,1,0,1
15900,2,3,0,0,3,0,0,0,22,2,8,1,19,0,1,0,0,1,0,1,0,14,7,52,0,0,0,0,4,0,2,0,1,0,0,0,1,0,3,0,0,0,0,0,4,0,3,2,0,0
31271,0,3,0,1,11,0,0,4,54,10,24,0,24,0,0,0,0,0,1,0,0,17,9,101,0,0,0,0,6,2,9,0,3,0,0,5,3,0,3,0,1,0,0,0,6,0,3,3,0,0
42138,0,4,0,1,7,0,1,2,37,7,11,1,19,0,1,0,1,2,0,0,0,15,9,72,0,0,0,0,8,0,2,0,1,0,1,2,4,0,0,0,0,0,0,0,5,0,0,2,1,0
14034,1,3,0,0,1,0,0,3,57,6,25,1,24,0,2,0,1,0,0,0,0,16,12,93,1,0,0,0,8,0,1,1,2,0,0,3,5,0,1,0,0,0,0,0,7,0,1,4,0,0
902,0,2,0,0,4,0,0,0,35,4,11,1,15,0,1,0,0,0,1,0,0,13,14,63,0,1,0,0,6,0,3,0,1,0,0,1,4,0,1,0,0,0,0,0,4,0,2,2,0,0
41637,0,2,0,2,6,0,0,1,21,1,8,0,9,0,1,0,1,0,1,0,0,7,7,40,0,0,0,0,3,0,3,0,0,0,0,3,1,0,1,0,0,0,0,0,0,0,1,1,0,0
941,0,3,0,0,7,0,0,1,38,5,18,0,20,0,1,0,0,1,1,0,0,15,11,78,0,1,0,0,9,1,5,0,2,0,0,0,6,0,1,0,1,0,0,0,3,0,2,4,0,0
32305,0,3,0,0,4,0,0,3,41,4,21,1,19,0,2,0,0,1,0,0,0,13,9,77,1,0,0,0,9,1,2,0,3,0,0,3,6,0,1,0,0,0,0,0,2,1,1,3,0,0
32958,0,1,0,0,3,0,0,1,37,3,21,0,19,0,1,0,0,2,0,0,0,16,7,63,0,0,0,0,3,0,1,0,0,0,0,1,2,0,1,0,0,0,0,0,4,0,1,2,0,0
13293,0,5,0,1,5,0,1,1,36,2,19,0,18,0,3,0,0,0,1,0,0,14,6,69,0,0,0,0,8,0,2,0,0,0,0,0,3,0,2,0,0,0,0,0,6,0,2,3,0,0
669,1,2,0,0,5,0,0,0,20,2,9,1,10,0,0,0,0,1,2,0,0,6,7,42,0,0,0,0,5,0,2,1,1,0,0,0,3,0,1,0,0,0,0,0,1,0,1,3,0,0
32020,0,2,0,0,0,0,0,0,2,0,0,0,6,0,1,0,0,0,0,0,0,5,1,12,0,0,0,0,4,0,0,0,0,0,0,0,2,0,0,0,0,0,0,0,0,0,0,1,0,0
20013,0,1,0,1,1,0,0,0,17,2,6,1,7,0,1,0,0,0,0,0,0,6,4,34,0,0,0,0,4,0,0,0,1,0,0,1,3,0,4,0,0,0,0,0,3,0,4,1,0,0
657,0,2,1,3,7,0,0,3,42,5,17,4,18,0,2,1,2,0,1,0,0,13,10,86,0,0,1,0,10,0,2,0,7,0,0,1,8,0,2,0,0,0,0,0,5,1,2,2,0,0
33994,0,0,0,0,2,0,0,2,21,1,8,0,18,0,1,0,0,1,0,1,0,12,7,46,1,0,0,0,1,0,1,0,1,1,0,0,1,0,2,0,0,0,0,1,4,0,2,3,0,0
22639,0,0,0,0,0,0,0,0,0,0,0,0,1,0,0,0,0,0,0,0,0,1,0,1,0,0,0,0,0,0,0,0,0,0,0,0,0,0,0,0,0,0,0,0,0,0,0,0,0,0
36942,0,0,0,1,3,1,0,0,2,0,0,0,0,0,0,0,0,1,0,0,0,0,2,7,0,0,0,0,2,0,0,0,0,0,0,0,2,0,0,0,0,0,0,0,0,0,0,0,0,0
3253,0,0,0,0,0,0,0,0,1,0,1,0,0,0,0,0,0,0,0,0,0,0,0,1,0,0,0,0,0,0,0,0,0,0,0,0,0,0,0,0,0,0,0,0,0,0,0,0,0,0
935,0,3,0,0,4,0,1,3,32,2,18,0,15,1,0,0,0,1,0,0,0,7,6,61,0,1,0,0,7,0,1,0,0,0,0,1,4,0,2,0,0,0,0,0,5,0,3,5,0,0
17181,2,3,0,4,7,0,0,1,43,4,19,1,22,0,0,0,0,0,0,0,0,19,11,82,0,0,0,0,7,1,2,0,2,0,0,4,4,0,1,0,0,0,0,0,5,1,1,0,0,0
15714,1,3,0,0,2,0,0,0,17,0,6,0,14,0,0,0,1,0,0,0,0,12,4,44,0,0,0,0,9,0,1,0,0,0,0,0,6,0,2,0,0,0,0,0,6,1,2,1,0,0
21489,0,0,0,0,0,0,0,0,4,1,2,0,2,0,0,0,0,0,0,0,0,2,1,7,0,0,0,0,1,0,0,0,0,0,0,0,1,0,0,0,0,0,0,0,0,0,0,0,0,0
32282,0,3,0,1,4,0,0,0,29,3,14,0,8,0,2,0,0,1,0,0,0,4,7,44,0,0,0,0,3,0,2,0,0,0,0,1,0,0,0,0,0,0,0,0,2,0,0,4,0,0
28086,0,0,0,0,0,0,0,0,0,0,0,0,1,0,0,0,0,0,0,0,0,1,0,1,0,0,0,0,0,0,0,0,0,0,0,0,0,0,0,0,0,0,0,0,0,0,0,0,0,0
31145,0,2,0,2,6,0,0,1,68,8,28,0,18,0,3,0,0,2,0,0,0,12,15,104,0,2,0,0,7,0,2,0,0,0,0,4,5,0,3,0,0,0,0,0,10,0,5,5,0,0
28845,2,3,0,3,8,0,0,3,56,7,21,0,25,0,2,0,2,0,0,0,0,17,15,101,0,0,0,0,9,1,4,0,1,0,1,1,6,0,2,0,0,0,0,0,8,0,2,3,0,0
17089,4,2,0,2,9,1,0,1,44,5,14,2,26,0,2,0,0,2,0,0,0,17,16,92,0,0,0,0,5,1,3,0,3,0,0,1,3,0,5,0,0,0,0,0,6,1,5,4,0,0
34002,2,2,0,2,5,0,0,4,28,2,12,1,17,0,0,0,0,2,0,0,0,9,8,61,0,0,0,0,7,1,1,0,2,1,0,1,5,0,1,0,0,0,0,1,5,0,1,2,0,0
32386,0,4,0,0,8,0,0,9,49,2,21,0,33,0,1,0,1,3,2,0,0,18,17,112,0,0,0,2,13,0,3,0,4,0,0,2,9,0,5,0,0,0,2,0,5,0,5,6,0,0
26158,0,2,0,1,6,0,0,0,15,0,5,1,8,0,1,0,0,1,1,0,0,7,7,34,0,0,0,0,2,0,3,0,1,0,0,0,0,0,2,0,0,0,0,0,2,0,2,1,0,0
41789,0,1,0,0,1,0,0,1,24,3,11,1,8,0,0,0,0,0,1,0,0,6,9,41,1,0,0,0,4,0,0,0,2,0,0,0,3,0,2,0,0,0,0,0,1,0,2,1,0,0
35190,0,1,0,0,3,0,0,1,24,1,7,1,11,0,1,0,0,2,1,0,0,10,12,45,1,0,0,0,5,0,0,0,2,0,0,0,4,0,0,0,0,0,0,0,3,0,0,0,0,0
6437,0,0,0,0,0,0,0,0,1,0,1,0,0,0,0,0,0,0,0,0,0,0,0,1,0,0,0,0,0,0,0,0,0,0,0,0,0,0,0,0,0,0,0,0,0,0,0,0,0,0
39434,0,3,0,1,4,0,0,3,12,1,3,2,17,0,0,0,1,1,0,0,0,12,5,42,0,0,0,0,6,0,2,0,2,0,0,0,3,0,1,0,0,0,0,0,2,0,1,2,0,0
3905,0,0,0,0,1,0,0,0,8,0,6,1,5,0,0,0,0,1,0,0,0,4,1,15,0,0,0,0,0,0,0,0,1,0,0,0,0,0,0,0,0,0,0,0,1,0,0,1,0,0
12281,0,3,0,1,5,1,0,1,11,3,2,0,15,0,0,0,0,0,1,0,0,13,3,41,0,0,0,0,6,0,2,0,1,0,0,0,3,0,3,0,1,0,0,0,3,0,3,1,0,0
42774,0,0,0,0,0,0,0,0,7,2,5,0,0,0,0,0,0,0,0,0,0,0,0,8,0,0,0,0,1,0,0,0,0,0,0,0,1,0,0,0,0,0,0,0,0,0,0,0,0,0
41460,1,2,0,1,2,0,0,1,10,0,4,0,5,0,0,0,0,0,0,0,0,3,4,22,0,0,0,0,4,0,1,0,0,0,0,1,2,0,1,0,0,0,0,0,1,0,1,0,0,0
29275,1,2,0,1,3,0,0,2,27,2,12,1,22,0,0,0,0,1,0,0,0,16,7,63,0,0,0,0,7,0,1,0,1,0,0,1,5,0,3,0,0,0,0,0,5,0,3,3,0,0
13196,0,1,0,0,0,0,0,0,1,0,0,0,3,0,0,0,0,0,0,0,0,1,0,5,0,0,0,0,1,0,0,0,0,0,0,0,0,0,0,0,0,0,0,0,1,0,0,2,0,0
6447,0,0,0,0,0,0,0,0,2,0,1,0,0,0,0,0,0,0,0,0,0,0,1,2,0,0,0,0,0,0,0,0,0,0,0,0,0,0,0,0,0,0,0,0,0,0,0,0,0,0
23452,0,0,0,0,0,0,0,0,0,0,0,0,1,0,0,0,0,0,0,0,0,1,0,1,0,0,0,0,0,0,0,0,0,0,0,0,0,0,0,0,0,0,0,0,0,0,0,0,0,0
3317,0,0,0,0,0,0,0,0,2,0,2,0,0,0,0,0,0,0,0,0,0,0,0,2,0,0,0,0,0,0,0,0,0,0,0,0,0,0,0,0,0,0,0,0,0,0,0,0,0,0
37428,0,0,0,0,0,0,0,0,1,0,0,0,0,0,0,0,0,0,0,0,0,0,1,1,0,0,0,0,0,0,0,0,0,0,0,0,0,0,0,0,0,0,0,0,0,0,0,0,0,0
39004,0,2,0,0,0,0,0,0,8,1,1,0,3,0,1,0,0,0,0,0,0,2,4,13,0,0,0,0,2,0,0,0,0,0,0,0,0,0,0,0,0,0,0,0,1,0,0,1,0,0
19279,0,0,0,0,0,0,0,0,9,0,7,0,4,0,1,0,0,0,0,0,0,4,0,15,0,0,0,0,1,0,0,0,0,0,0,0,1,0,1,0,0,0,0,0,1,0,1,0,0,0
4145,0,0,0,0,2,0,0,0,10,1,5,0,3,0,0,0,1,0,0,0,0,1,1,15,0,0,0,0,0,0,2,0,0,0,0,1,0,0,0,0,0,0,0,0,1,0,0,2,0,0
39054,0,0,0,0,0,0,0,0,1,0,0,0,0,0,0,0,0,0,0,0,0,0,1,1,0,0,0,0,0,0,0,0,0,0,0,0,0,0,0,0,0,0,0,0,0,0,0,0,0,0
6897,0,0,0,0,0,0,0,0,1,0,1,0,0,0,0,0,0,0,0,0,0,0,0,1,0,0,0,0,0,0,0,0,0,0,0,0,0,0,0,0,0,0,0,0,0,0,0,0,0,0
32856,0,0,0,0,0,0,0,0,1,0,0,0,1,0,0,0,1,0,0,0,0,1,0,2,0,0,0,0,0,0,0,0,0,0,0,0,0,0,0,0,0,0,0,0,0,0,0,0,0,0
43676,0,1,0,0,0,0,0,0,1,1,0,0,0,0,0,0,0,0,0,0,0,0,0,2,0,0,0,0,1,0,0,0,0,0,0,0,0,0,0,0,0,0,0,0,0,0,0,0,0,0
18979,0,0,0,0,1,0,1,0,0,0,0,0,0,0,0,0,0,0,0,0,0,0,0,1,0,0,0,0,0,0,0,0,0,0,0,0,0,0,0,0,0,0,0,0,0,0,0,0,0,0
33753,0,0,0,0,0,0,0,0,0,0,0,0,0,0,0,0,0,0,0,0,0,0,0,1,0,0,0,1,0,0,0,0,1,0,0,0,0,0,0,0,0,0,0,0,0,0,0,0,0,0
27028,0,0,0,0,0,0,0,0,0,0,0,0,1,0,0,0,0,0,0,0,0,1,0,1,0,0,0,0,0,0,0,0,0,0,0,0,0,0,0,0,0,0,0,0,0,0,0,0,0,0
