group,Sightseeing Bus,Storage Warehouse,Pedicab Business,Secondhand Dealer - Firearms,Amusement Device Permanent,Catering Establishment,Transportation and Storage,Laundry Jobber,Scrap Metal Processor,Newsstand,Bingo Game Operator,Games of Chance,Dealer In Products,Retail and Sales,Tow Truck Company,Electronic & Appliance Service,Employment Agency,General Vendor Distributor,Tow Truck Exemption,Amusement Device Temporary,Process Serving Agency,Electronics Store,Gaming Cafe,Secondhand Dealer - Auto,Amusement Device Portable,Garage,Service Providers,Home Improvement Contractor,Entertainment and Leisure,Cigarette Retail Dealer,Garage and Parking Lot,Pool or Billiard Room,Amusement Arcade,Sidewalk Cafe,Laundry,Commercial Lessor,Stoop Line Stand,root,Property and Real Estate,Scale Dealer Repairer,Cabaret,Secondhand Dealer - General,Auction House Premises,Special Sale,Parking Lot,Debt Collection Agency,Hospitality and Food Services,Specialty Services,Booting Company,Horse Drawn Cab Owner
41636,0,1,1,0,0,1,8,6,0,0,1,0,2,40,1,6,0,0,0,0,1,5,0,2,2,4,23,15,5,17,0,0,0,2,3,0,2,88,9,0,2,11,1,0,1,1,3,0,0,0
1545,0,0,1,0,2,0,10,5,0,1,0,2,2,85,2,8,1,0,0,0,0,9,0,3,0,6,35,21,5,36,0,1,0,4,5,0,10,149,10,0,0,24,0,0,1,5,4,0,0,0
3088,0,0,1,0,0,0,9,5,0,1,0,0,2,62,1,1,1,0,0,0,0,4,0,3,2,6,22,17,3,24,0,0,0,0,2,0,11,103,7,0,1,17,0,0,1,3,0,0,0,0
2563,0,0,0,0,0,1,9,5,0,0,0,1,2,89,0,9,0,0,0,0,0,9,0,2,1,7,47,33,2,37,0,0,0,6,6,0,16,165,11,0,0,22,1,0,1,5,7,0,0,1
5160,0,0,1,0,0,0,5,6,0,0,1,0,4,56,1,6,2,0,0,0,0,10,0,3,3,1,47,34,5,22,0,1,0,3,7,0,2,129,13,0,0,15,0,0,1,5,3,0,0,1
3141,0,0,0,0,1,0,7,3,0,0,1,1,3,57,1,3,1,0,0,0,0,10,0,2,2,4,26,18,5,24,0,0,0,3,7,0,4,108,10,1,0,14,0,0,2,3,3,0,0,0
2628,0,0,0,0,0,0,5,4,0,1,0,1,1,49,0,4,0,0,1,0,0,4,0,1,0,4,35,29,1,17,0,0,0,8,6,0,9,108,10,0,0,16,0,0,0,2,8,0,0,0
7189,0,0,0,0,0,0,7,7,0,3,0,1,4,61,3,9,3,0,0,0,0,6,0,3,2,3,44,28,3,24,0,0,0,2,8,0,5,132,15,0,0,16,0,0,1,4,2,0,0,0
8819,1,0,1,0,0,0,7,5,1,1,0,0,4,61,1,5,0,0,0,0,0,10,0,4,0,3,35,25,1,21,0,1,0,2,9,0,5,121,14,0,0,16,0,0,1,5,2,1,0,0
17686,0,0,1,0,0,0,8,7,0,1,0,1,1,78,1,5,0,0,0,0,0,10,0,0,0,5,28,19,2,37,0,1,0,4,11,0,9,138,18,0,0,20,0,0,1,4,4,0,0,0
6187,0,1,1,0,0,0,8,6,0,0,0,0,0,59,1,6,1,0,0,0,0,9,0,3,1,4,31,22,2,27,0,0,1,4,1,1,7,112,8,0,0,13,0,0,1,2,4,0,0,0
3616,0,0,0,0,0,0,2,6,0,2,0,1,1,67,0,4,1,0,0,0,1,9,0,2,1,2,36,29,2,30,0,0,0,4,5,0,12,122,11,0,0,11,0,0,0,1,4,0,0,0
8713,0,0,0,0,0,0,9,4,1,0,0,0,1,73,2,6,0,0,0,0,1,3,0,2,0,4,36,26,2,39,1,0,0,4,4,0,11,133,8,0,2,16,1,0,2,3,4,1,0,0
5121,0,1,1,0,0,1,14,5,0,1,0,2,2,67,3,4,2,0,0,0,0,10,0,2,3,5,32,24,5,29,1,0,0,6,7,0,9,137,12,0,0,14,0,0,3,2,7,0,0,0
4113,0,1,2,0,0,0,13,2,1,1,0,0,0,74,3,8,0,0,1,0,2,8,1,6,4,3,39,26,5,24,1,0,0,4,10,0,9,148,12,0,0,26,0,0,0,3,4,1,0,2
4275,0,0,2,0,0,0,6,4,0,0,0,0,2,42,0,1,0,0,0,0,1,4,0,4,0,1,15,11,0,17,0,0,0,1,5,0,1,73,9,0,0,14,0,0,2,2,1,0,0,1
30616,0,0,0,0,0,0,5,4,1,0,0,0,2,32,0,4,0,0,0,0,1,4,0,0,0,3,28,20,0,18,0,0,0,2,6,0,3,78,10,0,0,5,0,0,1,3,2,1,0,1
5172,0,0,1,0,0,0,8,5,0,2,0,1,1,82,2,8,0,0,0,0,0,11,0,4,5,3,49,39,9,37,1,1,1,2,7,0,6,162,12,0,1,21,0,0,1,2,2,0,0,0
5637,0,1,0,0,0,0,6,3,1,0,0,0,1,56,0,6,0,0,0,0,0,7,0,2,0,1,39,27,0,23,0,0,0,4,8,0,4,118,11,0,0,19,0,0,4,6,4,2,1,0
8215,0,0,1,0,1,0,5,3,0,1,0,0,2,37,1,4,1,0,0,0,0,2,1,1,1,1,33,27,4,19,0,0,1,3,7,0,1,92,10,0,0,11,0,0,2,1,3,0,0,0
6713,0,0,0,0,0,0,4,4,0,0,1,0,2,61,1,4,0,0,0,0,2,9,0,1,1,3,31,20,2,25,0,0,0,1,10,0,10,113,14,0,0,13,1,0,0,5,1,0,0,0
6721,0,0,1,0,0,0,13,8,0,0,0,0,5,67,2,7,0,0,0,0,0,12,0,2,2,6,38,27,3,26,1,0,0,6,10,0,2,145,18,0,1,20,0,0,3,4,6,0,0,0
1557,0,0,1,0,0,0,9,2,1,0,1,1,3,65,2,3,0,0,0,0,0,5,0,1,1,4,32,26,4,31,0,0,0,5,10,0,3,128,12,0,1,22,0,0,2,3,5,1,0,0
6144,0,1,1,0,0,1,14,5,0,0,1,0,2,77,2,10,1,0,0,0,1,9,0,3,0,9,47,31,2,32,0,0,0,4,7,0,10,157,12,0,1,21,0,0,1,4,5,0,0,0
9743,0,0,0,0,0,0,7,5,0,1,0,0,2,57,1,6,0,0,0,0,1,14,0,2,1,3,30,19,1,25,0,0,0,3,3,0,5,106,8,0,0,8,0,0,2,4,3,0,0,1
1588,0,0,0,0,1,2,9,8,1,1,0,0,3,81,2,5,1,0,0,0,0,5,0,3,3,5,44,37,5,42,0,0,0,6,7,0,7,163,15,0,1,20,0,0,2,1,8,1,0,0
4633,0,0,0,0,0,0,6,3,0,1,0,0,1,42,1,2,0,0,0,0,0,5,0,3,1,4,21,15,2,15,0,0,1,4,10,0,8,88,13,0,0,9,0,0,1,4,4,0,0,0
2588,0,0,0,0,0,0,9,3,0,1,0,0,1,55,2,5,1,0,0,0,2,7,0,1,0,3,48,37,0,26,0,0,0,0,12,0,5,127,15,0,0,14,0,0,3,3,0,0,0,1
2626,0,0,2,0,0,0,7,6,0,0,0,0,2,63,1,3,1,0,0,0,0,6,0,4,0,3,34,30,0,25,0,0,0,3,4,0,9,117,10,0,0,17,0,0,1,0,3,0,0,0
2072,0,1,1,0,1,0,6,4,0,1,0,0,3,61,0,9,0,0,0,0,0,7,0,2,1,4,31,18,3,30,0,0,0,4,9,0,6,118,13,0,1,12,0,0,0,4,4,0,0,0
1549,0,0,2,0,0,1,10,5,1,0,0,0,0,60,1,4,0,0,0,0,1,5,0,3,2,3,25,15,2,27,2,0,0,8,11,0,5,123,16,0,0,20,0,0,1,5,9,1,0,1
4644,0,0,0,0,0,0,5,7,0,2,0,1,3,57,0,3,0,0,1,0,1,7,0,4,1,2,39,30,4,22,2,0,1,3,6,0,5,121,13,1,1,14,0,0,0,4,3,0,0,0
4615,0,0,3,0,0,0,10,4,0,1,1,0,2,58,1,3,1,0,0,0,0,6,0,4,2,6,29,21,3,29,0,0,0,1,9,0,4,114,13,0,0,12,0,0,0,4,1,0,0,0
3610,1,1,1,0,1,1,11,2,0,2,0,0,1,70,1,6,0,0,1,0,0,18,0,2,0,3,35,25,1,23,0,0,0,4,11,0,5,135,13,0,0,19,0,0,3,4,5,0,0,0
7188,0,0,0,0,0,0,7,4,1,0,0,0,3,73,2,3,1,0,0,0,0,12,1,4,3,1,33,28,4,41,1,0,0,2,4,0,2,128,8,0,0,11,0,0,3,1,2,1,0,0
8231,0,0,1,0,0,0,15,6,0,1,0,0,8,63,6,4,1,0,0,0,0,2,0,2,2,3,41,30,2,28,1,0,0,5,6,0,9,138,12,0,0,13,0,0,4,6,5,0,0,0
4682,0,0,0,0,0,0,4,5,0,1,0,1,3,48,0,5,0,0,1,0,0,9,0,2,1,2,28,19,2,12,0,0,0,3,6,0,4,96,11,0,0,17,0,0,1,4,3,0,0,0
3112,0,0,0,1,0,0,7,1,0,0,0,0,1,54,2,4,2,0,0,0,0,11,0,0,0,3,25,18,0,22,0,0,0,3,5,0,5,95,6,0,0,14,0,0,2,1,3,0,0,0
7688,0,0,1,0,1,0,11,3,1,1,0,0,0,71,2,6,2,0,1,0,0,12,0,6,1,3,53,37,3,30,0,0,0,3,15,0,3,160,18,1,1,19,0,0,4,7,3,1,0,0
4632,1,0,0,0,1,0,10,4,0,0,0,0,1,52,1,3,4,0,0,0,0,13,0,2,0,5,28,21,1,26,0,0,0,5,4,0,3,104,8,0,0,7,0,0,3,0,5,0,0,0
28966,0,0,2,0,0,0,9,2,0,0,0,2,2,68,3,3,1,0,0,0,0,5,0,3,0,3,30,22,2,41,0,0,0,6,6,0,5,123,8,0,0,12,0,0,1,4,6,0,0,0
3621,0,0,1,0,0,0,12,6,1,1,0,0,3,64,3,5,2,0,0,0,0,9,0,4,1,6,32,24,2,25,0,0,0,3,4,0,2,124,10,0,1,20,0,0,2,1,3,1,0,0
13375,0,0,1,0,0,0,6,4,1,0,0,0,1,43,0,6,2,0,0,0,0,9,0,0,1,3,26,17,2,14,1,0,0,2,5,0,5,89,9,0,1,14,0,0,1,1,2,1,0,0
5656,0,0,1,0,0,0,11,2,0,1,0,1,1,45,3,5,0,0,0,0,0,4,0,0,1,3,31,21,2,25,1,0,0,1,4,0,3,96,6,0,0,11,0,0,3,5,1,0,0,0
1036,0,0,0,0,0,0,9,2,2,0,1,0,3,61,5,6,1,0,0,1,0,10,0,2,0,1,45,35,4,27,0,1,0,3,3,0,4,129,5,0,1,15,0,0,2,3,3,2,0,1
5651,0,0,0,0,0,0,17,3,1,0,1,0,2,56,5,7,0,0,1,0,0,10,0,3,2,8,35,24,3,30,0,0,0,2,10,0,3,127,13,0,0,8,0,0,3,4,2,1,0,0
2570,0,0,1,0,0,0,3,3,0,2,0,1,0,76,1,7,1,0,0,0,0,11,0,1,1,0,35,21,2,32,0,0,0,0,2,0,8,121,5,0,0,22,0,0,1,6,0,0,0,0
27650,0,1,2,0,0,0,10,5,1,0,0,1,2,55,2,3,2,0,0,0,2,8,0,1,3,2,31,16,4,34,0,0,0,6,4,0,2,116,9,0,0,8,0,0,2,8,6,1,0,1
19974,0,1,1,0,0,0,8,3,0,1,0,0,5,54,0,3,4,0,0,0,0,8,0,1,1,4,33,23,1,18,1,0,0,4,8,0,5,111,11,0,0,16,0,0,1,3,4,0,0,0
543,0,0,0,0,0,0,8,7,0,1,0,0,0,57,3,3,2,0,0,1,0,12,0,1,2,4,32,25,3,22,0,0,0,4,5,0,3,116,12,0,0,18,0,0,1,2,4,0,0,0
7691,0,0,0,0,0,0,6,5,0,0,0,0,1,54,1,4,0,0,0,0,0,5,0,2,3,4,27,21,4,28,0,0,0,2,7,0,6,105,12,0,1,12,0,0,1,2,2,0,0,0
16920,0,0,0,0,0,0,7,2,0,1,0,0,1,58,2,6,0,0,2,0,0,6,0,3,0,2,31,24,2,25,1,1,0,5,4,0,4,109,6,0,1,17,0,1,0,1,5,0,0,0
18990,0,0,0,0,0,0,5,5,1,1,0,0,3,68,1,7,3,0,1,0,0,8,0,6,3,2,51,38,3,28,1,0,0,3,9,0,7,145,14,0,0,15,0,0,0,3,3,1,0,0
24615,0,0,0,0,0,1,10,4,0,0,0,0,5,51,3,2,0,0,0,0,0,5,0,3,1,5,31,27,1,20,0,0,0,6,4,0,3,108,8,0,0,15,0,0,2,2,7,0,0,0
35255,0,1,1,0,0,0,8,3,0,5,0,0,0,51,2,5,0,0,0,0,0,6,0,2,2,4,24,18,2,24,0,0,0,2,3,0,3,93,6,0,0,11,0,0,0,1,2,0,0,0
39903,0,0,0,0,0,0,3,4,0,0,0,1,3,51,0,4,0,0,0,0,0,6,0,0,4,1,22,18,6,24,0,0,0,1,5,0,6,92,9,0,1,11,1,0,2,0,1,0,0,0
23718,0,0,0,0,0,0,7,3,0,0,0,1,3,50,3,5,2,0,1,0,0,6,0,1,1,2,31,20,3,14,0,1,0,6,10,1,3,111,14,0,0,23,0,0,1,4,6,0,0,0
29964,1,0,0,0,0,0,6,3,0,0,0,0,1,39,0,5,2,0,0,0,1,8,0,0,3,4,26,15,4,17,0,1,0,1,5,0,1,84,8,0,0,12,0,0,0,3,1,0,0,1
1,0,0,2,0,0,0,6,6,0,0,0,1,4,45,0,4,0,0,0,0,0,6,0,0,0,3,27,20,3,22,0,0,1,5,6,0,1,98,12,0,1,12,0,0,1,3,5,0,0,0
25622,0,1,0,0,0,0,9,4,0,0,0,0,2,33,1,3,0,0,0,0,0,4,0,0,0,6,28,22,1,12,0,0,0,3,2,0,6,80,6,0,1,9,0,0,1,3,3,0,0,0
1546,0,0,1,0,1,0,8,5,0,1,0,0,3,67,1,5,2,0,1,0,0,12,0,2,1,3,29,20,2,33,0,0,0,4,11,0,6,126,16,0,0,10,0,0,2,2,4,0,0,0
16955,0,2,0,0,0,0,8,3,0,1,1,0,2,51,1,5,1,0,0,0,1,9,0,1,0,4,30,21,2,23,0,0,0,4,5,0,4,103,8,0,1,11,0,0,0,2,4,0,0,1
37007,0,0,0,0,0,0,5,3,0,1,0,0,1,36,2,3,0,0,1,0,0,4,0,2,1,1,20,14,1,15,0,0,0,0,1,0,4,66,4,0,0,9,0,0,1,3,0,0,0,0
26644,0,0,1,0,1,1,11,3,0,0,0,1,3,77,3,4,2,0,0,0,2,9,0,3,3,4,43,30,6,28,0,1,0,2,11,0,11,154,14,0,0,23,0,0,3,5,3,0,0,0
2624,0,0,2,0,0,0,9,7,0,2,0,0,1,65,1,5,2,0,0,0,1,7,0,3,5,5,32,24,5,29,0,0,0,3,5,0,3,126,12,0,0,20,0,0,1,0,3,0,0,0
17441,0,0,0,0,1,0,6,5,0,2,0,2,1,52,1,3,1,0,1,0,0,8,0,1,0,3,29,22,3,24,0,0,0,1,8,0,8,104,13,1,0,8,0,0,1,2,1,0,0,0
7148,0,0,1,0,0,0,4,3,0,2,0,0,2,39,1,1,0,0,0,0,0,7,0,1,0,2,16,10,0,12,0,0,0,2,3,0,4,67,6,1,0,11,0,0,0,4,2,0,0,0
4614,0,0,0,0,0,1,8,3,0,0,0,0,2,55,2,7,1,0,0,0,0,10,1,4,2,2,39,28,4,23,0,1,0,4,5,0,3,119,8,0,0,13,0,0,4,3,5,0,0,0
21037,0,0,2,0,1,0,10,6,0,1,0,0,1,52,2,4,0,0,0,0,1,7,0,0,0,5,29,18,2,29,0,0,0,5,4,0,2,108,10,0,1,11,1,0,0,6,5,0,0,1
43972,0,0,2,0,1,0,7,6,0,1,0,0,1,43,0,0,2,0,0,0,0,8,0,2,0,2,34,30,2,17,0,1,0,2,5,0,4,99,11,0,0,10,0,0,2,2,2,0,0,1
26631,0,0,1,0,0,0,12,8,1,1,0,0,4,72,3,13,0,0,1,0,0,9,0,4,1,7,55,36,1,30,0,0,0,2,8,0,6,159,16,0,0,18,0,0,0,6,2,1,0,0
26655,0,0,1,0,0,0,9,6,1,3,0,1,0,73,2,9,1,0,0,0,0,3,0,0,0,4,37,22,2,32,0,0,0,4,10,0,11,142,16,0,1,24,0,0,2,5,4,1,0,0
19473,0,0,1,0,1,0,5,4,1,0,1,0,4,62,1,6,1,0,0,0,0,11,0,5,0,1,34,23,3,17,0,1,0,4,7,0,7,120,11,0,0,18,0,0,2,4,4,1,0,0
23569,0,1,0,0,0,0,5,3,0,0,0,0,1,37,1,7,1,0,0,0,0,8,0,2,2,2,34,21,2,14,0,0,0,3,2,0,3,86,5,0,0,9,0,0,1,5,3,0,0,0
26130,0,0,0,0,0,0,11,4,0,0,0,2,0,53,3,6,0,0,0,0,0,6,0,4,3,5,37,26,6,19,0,0,0,4,9,0,7,124,13,0,1,17,0,0,3,5,4,0,0,0
22023,0,0,2,0,0,0,7,3,1,0,0,0,1,55,1,8,1,0,0,0,0,7,1,6,3,1,38,22,4,22,0,0,0,4,4,0,5,116,7,0,0,14,0,0,3,7,4,1,0,0
42648,0,0,0,0,1,0,5,0,0,1,1,0,2,38,0,3,3,0,0,0,0,2,0,0,1,5,27,18,3,20,0,0,0,2,7,0,5,82,7,0,0,8,0,0,0,3,2,0,0,0
20488,0,0,0,0,0,0,12,1,0,0,0,0,1,65,3,4,0,0,0,0,1,12,0,3,4,5,38,28,5,29,1,0,0,0,6,0,5,127,7,1,1,15,0,0,3,4,0,0,0,0
41308,0,0,0,0,1,0,7,0,0,0,0,0,1,47,1,4,2,0,0,0,0,5,0,3,1,3,29,20,2,21,0,0,0,3,7,0,5,95,7,0,0,12,0,0,2,3,3,0,0,1
25124,0,0,0,0,0,0,3,6,0,1,0,0,3,47,0,3,0,0,0,0,0,8,0,0,0,1,28,22,1,17,0,0,0,1,4,0,5,90,10,0,1,13,0,0,2,3,1,0,0,0
26635,0,0,0,0,1,0,8,3,1,0,0,1,2,54,1,4,1,0,0,0,0,7,1,1,2,3,28,21,6,28,0,0,1,9,4,0,5,113,7,1,0,11,0,0,4,1,9,1,0,0
38852,0,0,2,0,1,0,7,2,0,1,0,0,1,50,0,2,1,0,0,0,1,11,0,3,0,5,27,22,1,19,0,0,0,1,4,0,4,92,6,0,0,11,0,0,0,1,1,0,0,0
27652,0,0,2,0,0,0,7,4,0,1,1,0,1,72,2,1,0,0,0,0,0,10,0,1,1,3,24,20,3,36,0,0,0,1,4,0,6,115,8,0,1,17,0,0,0,3,1,0,0,0
13640,0,0,0,0,0,0,5,5,0,0,2,0,1,52,0,3,0,1,0,0,1,6,0,0,3,4,27,22,6,24,0,0,0,4,5,0,7,104,10,0,1,13,0,0,1,1,4,0,0,0
22024,0,0,0,0,0,0,5,2,0,2,0,0,2,50,0,7,1,0,0,0,0,10,0,2,0,3,44,33,0,21,0,0,0,3,6,0,2,110,8,0,0,11,0,0,1,3,3,0,0,1
26125,0,0,0,0,1,0,13,8,0,2,0,1,2,70,2,6,0,0,0,0,0,3,0,3,0,7,32,24,4,38,0,1,0,2,6,0,6,135,14,0,1,16,0,0,3,2,2,0,0,1
23622,0,0,1,0,0,0,11,5,0,1,0,0,1,71,2,10,1,0,0,0,1,12,0,1,0,5,47,29,2,27,0,2,0,4,10,0,7,150,15,0,0,22,0,0,2,6,4,0,0,1
25103,0,0,1,0,2,0,7,3,0,0,0,0,1,54,1,9,0,0,0,0,1,6,0,3,1,4,33,17,5,17,1,0,0,4,3,0,6,109,6,0,2,20,0,1,0,6,4,0,0,0
20046,0,0,2,0,0,0,6,4,0,0,1,0,2,35,0,4,1,0,1,0,1,7,0,2,0,2,23,12,2,15,0,0,1,3,10,0,3,83,14,1,0,6,0,0,0,4,3,0,0,1
28217,0,0,1,0,1,0,6,4,0,0,0,2,2,90,2,7,1,0,0,0,2,12,0,4,4,1,49,38,7,34,1,0,0,1,4,0,10,161,8,0,0,26,2,0,1,1,1,0,0,0
19494,0,0,1,0,1,0,6,3,0,0,0,0,1,41,1,7,0,0,0,0,0,3,1,1,2,3,29,20,4,16,0,0,0,3,6,0,5,92,9,0,0,15,0,0,1,2,3,0,0,0
23558,0,1,1,0,0,0,13,4,0,0,0,0,1,51,6,4,0,0,0,0,0,8,0,4,1,2,21,16,2,24,0,1,0,4,8,0,3,103,12,0,0,11,0,0,3,1,4,0,0,0
23559,0,0,0,0,0,0,5,2,1,2,0,0,1,45,1,4,0,0,0,0,0,5,0,2,4,3,23,17,5,19,1,0,0,3,12,0,5,96,14,0,1,11,0,0,0,2,3,1,0,0
24082,1,1,2,0,0,1,13,8,0,1,0,0,2,61,3,5,1,0,0,0,1,3,0,1,2,4,41,31,3,29,0,1,0,3,8,0,5,138,16,0,0,20,0,0,2,3,4,0,0,0
21027,0,0,0,0,1,0,8,0,0,1,0,0,1,57,0,3,2,0,1,0,0,8,1,3,1,5,28,20,4,24,0,1,0,1,10,0,4,108,10,0,0,15,1,0,2,3,1,0,0,0
24111,0,0,0,0,0,1,3,9,0,0,0,0,1,61,1,4,2,0,1,0,0,6,0,3,2,1,35,22,2,27,0,0,0,4,6,0,6,121,15,0,0,17,1,0,0,7,5,0,0,0
18076,0,0,0,1,0,0,7,4,0,0,0,0,1,71,3,2,1,0,0,0,0,7,1,1,1,3,35,28,2,32,0,0,0,6,5,0,6,130,9,0,0,23,0,0,1,4,6,0,0,0
19513,0,0,1,0,1,0,11,8,0,0,0,0,2,73,3,5,0,0,1,0,1,6,0,0,3,4,37,29,5,37,0,0,1,4,8,0,5,146,16,0,0,23,0,0,2,2,4,0,0,0
26628,0,0,1,0,0,0,10,7,0,1,0,0,1,78,1,6,1,0,0,0,0,10,0,6,1,5,32,23,2,22,0,0,0,4,5,0,7,138,12,0,1,31,0,0,3,2,4,0,0,0
44198,0,0,1,0,0,0,10,1,0,1,0,0,0,45,1,4,0,0,0,0,2,8,2,1,1,4,26,19,4,16,0,0,0,3,3,0,7,92,4,0,1,11,1,0,4,1,3,0,0,0
39600,0,0,0,0,0,0,3,4,0,0,0,0,2,29,0,2,0,0,0,0,0,4,0,2,1,2,16,14,1,13,0,0,0,0,8,0,3,61,12,0,0,5,0,0,1,0,0,0,0,0
11323,0,0,4,0,0,0,13,5,1,2,0,0,1,65,3,6,0,0,0,0,0,14,0,0,2,5,38,28,2,27,1,0,0,5,7,0,5,136,12,0,0,16,0,0,0,4,5,1,0,0
17566,0,0,0,0,1,0,8,4,0,2,0,0,0,44,1,5,1,0,0,0,1,6,0,2,0,4,32,23,2,22,0,1,0,6,8,0,3,104,12,1,0,9,0,0,2,1,6,0,0,1
18999,0,0,0,0,1,0,3,5,0,1,1,0,2,45,0,4,1,0,0,0,1,5,0,0,1,2,41,32,3,18,0,0,0,5,6,0,7,108,11,0,0,12,0,0,1,3,5,0,0,0
22022,0,0,2,0,1,0,9,3,0,1,0,0,4,71,2,3,1,0,0,0,1,7,0,2,3,4,41,33,4,32,1,0,0,1,10,0,6,139,13,1,0,19,0,0,0,2,1,0,0,0
41702,1,0,0,0,0,0,11,1,0,0,0,0,1,38,0,4,0,0,0,0,0,3,0,3,0,6,28,21,1,19,1,0,0,3,4,0,4,86,5,0,1,8,0,0,3,3,3,0,0,0
26677,1,0,1,0,0,0,9,8,0,1,0,1,3,67,0,4,0,0,0,0,0,9,0,2,1,4,38,30,2,27,0,0,0,3,7,0,5,134,15,0,0,20,0,0,3,4,3,0,0,0
30569,0,1,0,0,0,0,5,8,0,1,1,0,2,45,0,4,0,0,0,0,0,7,1,2,0,3,21,14,2,19,0,0,0,2,3,0,2,86,11,0,0,12,0,0,1,3,2,0,0,0
42371,0,0,1,0,1,0,2,2,0,0,0,0,3,32,0,1,0,0,0,0,0,4,0,3,1,0,13,10,3,9,1,0,0,3,1,0,5,56,3,0,1,8,0,0,0,2,3,0,0,0
29053,0,0,1,0,0,0,6,3,0,0,0,0,2,43,1,2,0,0,1,0,0,4,0,2,0,2,16,12,0,18,0,0,0,3,4,0,8,75,7,0,0,9,0,0,1,2,3,0,0,0
22590,0,0,0,0,0,1,9,4,0,0,0,0,3,63,2,8,0,0,0,0,0,8,0,8,1,5,32,22,1,24,1,0,0,5,7,0,5,122,11,0,0,15,0,0,1,2,6,0,0,0
22535,0,0,1,0,1,0,9,3,1,1,0,0,2,75,0,3,1,0,0,0,0,13,0,2,3,7,26,20,5,30,0,1,0,3,6,0,9,128,9,0,0,18,0,0,1,2,3,1,0,0
27146,0,0,0,0,0,0,7,8,0,0,0,0,2,55,3,3,2,0,0,0,0,9,0,1,0,3,40,25,0,23,1,0,0,3,3,0,4,116,11,1,0,16,0,0,0,9,3,0,0,0
42902,0,1,3,0,0,0,11,1,0,1,0,2,2,49,1,4,1,0,0,0,0,8,0,0,0,5,18,12,2,16,0,0,0,3,5,0,8,89,6,0,0,14,0,0,1,1,3,0,0,0
585,0,0,1,0,0,0,4,3,1,1,0,1,5,70,3,4,3,0,0,0,1,4,0,2,2,0,37,25,4,24,0,0,1,4,8,0,6,131,11,0,0,28,0,0,0,4,4,1,0,0
27655,0,0,0,0,0,0,3,4,0,2,1,0,1,73,1,7,0,0,0,0,0,12,0,2,2,2,28,20,4,36,0,0,0,1,7,0,6,120,11,0,1,14,0,0,0,1,1,0,0,0
11528,0,0,1,0,0,0,5,2,0,0,0,0,3,46,0,10,1,0,0,0,0,5,0,1,2,3,27,15,3,17,0,0,0,8,10,0,6,101,12,0,1,14,0,0,1,1,8,0,0,0
28617,0,0,0,0,0,0,6,3,0,0,0,1,3,45,2,2,0,0,0,0,0,8,0,2,1,4,23,16,2,14,0,0,0,2,6,0,7,87,9,0,0,11,0,0,0,5,2,0,0,0
7764,0,0,2,0,0,0,3,1,0,0,0,0,0,28,0,1,1,0,0,0,1,5,0,2,0,0,18,13,0,11,0,0,0,1,2,0,1,53,3,0,0,9,0,0,0,2,1,0,0,1
20521,0,0,1,0,3,0,14,6,1,0,0,0,2,77,3,8,0,0,0,0,0,8,1,2,0,8,43,32,4,22,1,0,0,4,9,0,10,158,15,0,0,33,0,0,1,3,4,1,0,0
28240,0,1,0,0,0,0,4,3,0,0,0,0,5,52,1,4,0,0,0,0,0,7,0,4,1,0,33,25,1,25,0,0,0,3,5,0,4,101,8,0,0,7,0,0,0,4,3,0,0,2
19481,0,0,2,0,0,0,9,4,1,1,0,1,2,67,0,3,1,0,1,0,0,5,0,3,1,5,31,22,2,30,0,0,0,2,6,0,10,122,10,0,0,16,0,0,1,5,2,1,0,0
14355,0,1,0,0,0,0,6,4,0,0,0,1,4,61,4,4,0,0,0,0,2,10,0,2,0,1,37,27,2,25,0,0,1,5,7,0,6,122,11,0,0,14,0,0,0,4,5,0,0,0
12351,0,1,1,0,0,0,14,5,0,0,0,0,1,64,1,3,3,0,1,0,0,10,0,1,2,6,44,34,2,30,0,0,0,3,7,0,5,139,12,0,0,17,0,0,4,4,3,0,0,0
41520,0,0,0,0,0,0,8,2,0,1,0,0,1,29,3,10,1,0,0,0,0,0,1,2,1,4,41,28,2,12,1,0,0,3,10,0,3,95,12,0,0,10,0,0,0,2,3,0,0,0
20993,0,0,2,0,0,0,5,2,0,1,0,1,3,54,0,4,1,0,0,0,2,13,0,3,0,1,39,26,1,20,0,0,0,5,10,0,4,116,12,0,0,10,0,0,2,6,5,0,0,0
6334,0,0,0,0,0,0,1,2,0,1,0,0,0,38,0,5,1,0,1,0,0,6,0,0,1,0,13,6,1,19,0,0,0,1,5,0,4,61,7,0,0,8,0,0,0,1,1,0,0,0
24590,0,0,0,0,0,0,3,2,1,2,0,0,2,44,1,2,0,0,0,0,0,5,0,4,0,1,32,24,1,18,0,0,0,3,4,0,7,90,6,0,1,6,0,0,1,6,3,1,0,0
34833,0,1,1,0,0,0,7,1,0,2,1,0,3,47,1,3,1,0,0,0,2,8,0,2,1,0,28,17,2,19,0,0,0,3,5,0,3,93,6,0,0,10,0,0,4,5,3,0,0,0
27141,0,0,0,0,1,0,8,3,0,0,0,0,0,44,1,4,1,0,0,0,0,5,0,4,4,6,28,20,5,20,0,0,0,2,6,0,6,96,9,0,0,9,0,0,0,3,2,0,0,1
19456,1,0,1,0,0,0,7,6,0,0,0,0,4,60,0,8,0,0,1,0,0,6,0,3,1,2,40,27,1,27,0,0,0,6,5,0,5,125,11,0,0,15,0,0,2,5,6,0,0,0
22040,0,1,0,0,0,0,2,5,0,0,0,0,1,45,0,1,0,0,0,0,0,4,0,2,3,0,27,24,4,18,0,0,0,2,5,0,3,90,10,0,1,17,0,0,1,2,2,0,0,0
37361,0,0,0,0,0,0,6,2,0,0,0,0,0,54,0,6,1,0,0,0,1,8,0,1,0,4,35,24,1,31,0,0,0,1,3,0,5,102,5,0,1,9,0,0,2,3,1,0,0,0
23046,0,0,1,0,0,0,20,11,0,2,0,0,3,101,5,11,1,0,0,0,0,18,0,3,1,10,53,34,1,38,1,0,0,4,15,0,11,205,26,0,0,26,0,0,2,7,4,0,0,1
39319,0,0,0,0,0,0,10,5,0,2,0,1,1,51,4,6,0,0,1,0,0,7,0,3,0,5,18,9,1,17,0,0,0,2,2,0,5,89,7,0,0,16,0,0,0,3,2,0,0,0
25101,0,0,0,0,1,0,3,3,0,0,0,1,1,27,1,2,1,0,0,0,0,4,0,1,1,2,22,17,3,9,0,0,0,1,4,0,4,63,7,0,0,8,0,0,0,2,1,0,0,0
605,0,0,0,0,0,0,5,6,0,0,0,0,3,73,1,4,0,0,0,0,0,10,0,2,1,3,38,28,2,30,1,0,0,3,7,0,7,134,13,0,1,20,0,1,0,6,3,0,0,0
23167,0,0,0,0,1,0,5,1,1,0,0,0,3,46,0,3,1,0,0,0,0,8,0,5,1,3,28,22,2,17,0,0,0,2,6,0,4,91,7,0,0,9,0,0,2,2,2,1,0,0
4105,0,0,0,0,0,0,6,7,0,0,0,0,0,37,1,5,0,0,0,0,1,7,0,2,1,1,21,11,2,21,1,1,0,5,4,0,2,82,11,0,0,5,0,0,3,4,5,0,0,0
12878,0,0,1,0,0,0,11,3,1,1,1,3,0,43,3,6,2,0,0,0,0,11,0,1,1,4,29,19,5,12,0,0,0,1,5,0,4,98,8,0,0,14,0,0,3,2,1,1,0,0
17433,0,0,0,0,0,0,5,2,0,0,0,1,2,73,0,3,2,0,0,0,1,9,0,4,3,4,48,35,4,30,0,0,0,6,6,0,8,144,8,0,0,20,0,0,1,7,6,0,0,0
23557,0,0,1,1,0,0,8,6,0,0,0,0,2,53,1,1,2,1,0,0,0,4,0,3,1,6,26,20,1,23,0,0,0,1,9,1,8,105,16,0,0,10,1,0,0,3,1,0,0,0
13954,0,0,0,0,1,0,8,3,1,1,0,1,2,52,0,5,3,0,0,0,0,7,0,1,1,5,34,23,4,12,0,0,0,1,3,0,5,106,6,1,1,23,1,0,2,2,1,1,0,1
23578,0,1,1,0,0,0,7,7,0,3,0,0,2,61,2,2,1,0,0,0,0,9,0,2,1,3,34,28,1,23,0,0,0,2,3,0,8,115,10,0,0,14,0,0,0,3,2,0,0,0
2217,1,0,0,0,1,0,5,2,1,0,0,0,2,42,1,3,0,0,0,0,0,6,0,1,0,3,18,13,1,18,0,0,0,2,6,0,7,77,8,1,0,8,0,0,0,1,2,1,0,0
28163,0,0,0,1,0,1,8,4,0,0,1,0,1,63,2,5,0,0,1,0,0,9,0,2,0,4,35,26,1,21,0,0,0,7,4,0,10,123,8,0,0,18,1,0,1,4,8,0,0,0
38715,0,0,1,0,0,0,4,1,0,0,0,0,1,33,2,3,0,0,0,0,1,4,0,1,1,1,13,8,2,9,0,1,0,2,1,0,2,56,2,0,0,16,0,0,0,1,2,0,0,0
31243,0,0,0,0,1,0,8,5,0,1,1,1,3,45,1,3,0,0,1,1,0,7,0,2,1,6,31,28,6,21,0,0,0,2,4,0,3,101,9,0,1,8,0,0,0,0,2,0,0,0
26112,0,0,0,0,0,0,6,5,0,2,0,0,3,67,0,7,3,0,0,0,0,12,0,1,0,3,50,34,1,29,1,1,0,2,4,0,6,135,9,0,0,14,0,0,2,6,2,0,0,0
19997,0,0,0,0,1,0,7,8,0,0,0,0,2,76,1,2,0,0,1,0,1,2,0,7,1,4,46,39,2,29,0,0,0,4,7,0,11,150,15,0,0,25,0,0,1,4,4,0,0,0
38967,0,0,0,0,1,0,6,2,0,2,0,0,1,24,1,6,0,0,0,0,1,2,0,3,0,4,16,8,2,8,0,0,0,2,1,0,1,53,3,0,1,7,0,0,1,1,2,0,0,0
25203,0,0,0,0,0,0,2,2,0,2,0,0,3,47,1,5,0,0,0,0,1,4,0,2,0,1,25,17,0,15,0,0,0,3,4,0,5,83,6,0,0,16,0,0,0,2,3,0,0,0
27139,0,0,0,0,1,1,4,3,0,1,0,1,2,81,0,4,1,0,0,0,1,10,0,4,2,2,41,32,4,36,0,0,0,3,7,0,15,144,10,0,0,13,0,0,2,3,4,0,0,0
26114,0,0,1,0,3,0,7,8,0,0,0,1,2,77,1,4,1,1,0,0,1,9,0,5,2,2,46,34,8,28,0,0,0,2,9,0,13,157,17,0,2,19,0,0,3,6,2,0,0,0
21661,0,0,0,0,0,0,5,1,0,0,1,0,2,41,0,1,0,0,0,0,0,8,0,3,1,4,19,14,2,11,0,0,0,0,3,0,6,71,4,0,0,11,0,0,0,4,0,0,0,1
15462,0,0,2,0,0,0,5,5,0,1,0,0,1,49,0,5,0,0,0,0,0,6,0,2,2,2,26,20,2,23,0,0,0,3,4,0,4,94,9,0,0,12,0,0,1,1,3,0,0,0
3556,0,0,0,0,1,1,3,2,0,1,0,0,2,52,1,3,1,0,0,0,0,3,0,2,1,1,18,13,2,19,1,0,0,2,8,0,3,88,10,0,0,22,0,0,0,1,3,0,0,0
25090,0,0,1,0,0,0,6,6,0,0,0,0,1,46,0,3,0,0,0,0,1,8,0,1,2,5,22,17,2,21,0,0,0,2,3,0,5,87,9,0,0,10,0,0,0,1,2,0,0,0
28165,0,1,1,0,0,0,16,6,0,1,1,1,2,54,2,8,1,0,0,0,2,11,0,0,1,10,36,18,3,22,0,0,0,4,10,0,4,129,16,0,0,14,0,0,1,7,4,0,0,1
23566,0,1,0,0,1,0,13,5,0,0,0,0,1,44,4,5,0,0,0,0,0,8,0,2,1,6,31,25,2,16,0,0,0,3,6,0,6,104,11,0,0,11,0,0,1,1,3,0,0,1
11860,0,0,0,0,0,1,3,5,0,1,0,1,3,52,2,3,2,0,0,0,0,9,0,4,1,0,31,23,2,15,0,0,0,2,2,0,3,98,7,0,0,17,0,0,1,3,3,0,0,0
43337,0,0,0,0,0,0,8,3,0,0,0,1,1,31,1,2,1,0,0,0,0,6,0,1,2,6,21,14,3,9,0,0,0,5,6,0,2,77,9,0,0,12,0,0,1,4,5,0,0,0
27176,0,0,0,0,1,0,5,4,0,1,0,0,3,55,1,3,0,0,0,0,0,9,0,3,2,3,36,29,3,19,0,0,0,1,6,0,9,110,10,0,0,11,0,0,1,4,1,0,0,0
20540,0,0,1,0,0,0,11,3,0,2,0,1,1,45,3,4,2,0,0,0,1,5,0,1,3,2,37,26,4,18,0,0,0,3,3,0,6,106,6,0,0,12,0,0,5,4,3,0,0,0
29289,0,0,1,0,0,0,6,4,0,1,0,0,4,51,0,5,1,0,0,0,0,4,0,2,0,5,30,18,1,18,0,0,0,2,4,0,4,98,8,0,1,18,0,0,0,6,2,0,0,0
23553,0,0,1,0,0,1,5,5,0,0,0,1,2,63,2,5,1,0,0,0,0,13,0,4,3,0,32,21,5,25,1,1,0,6,9,0,6,126,14,0,0,13,0,0,1,5,7,0,0,0
22557,0,0,1,0,0,0,6,5,0,2,0,0,2,55,3,5,2,0,0,0,0,8,0,2,2,2,44,36,3,18,0,0,1,6,12,0,6,131,17,0,0,17,0,0,0,1,6,0,0,0
18464,0,0,0,0,0,0,10,4,0,0,2,0,1,48,1,4,2,0,0,0,2,5,0,3,1,9,33,24,4,17,0,0,0,3,9,0,9,111,13,0,1,13,0,0,0,1,3,0,0,0
34854,0,0,2,0,0,0,11,4,1,3,1,0,1,61,0,1,0,0,0,0,1,5,0,4,2,6,26,18,4,26,1,0,0,5,4,0,4,116,8,0,1,17,0,1,2,6,5,1,0,0
18642,0,0,1,0,1,0,6,2,0,0,1,0,2,56,1,1,0,0,0,0,0,4,0,5,0,3,20,16,2,24,0,0,0,2,3,0,5,91,5,0,0,16,0,0,1,3,2,0,0,0
32354,0,0,0,0,0,0,5,4,0,3,0,0,1,37,0,2,0,0,0,0,0,7,1,0,2,4,18,13,3,18,0,0,0,0,3,0,2,70,7,0,0,6,0,0,1,3,0,0,0,0
27657,0,0,3,0,0,2,9,0,0,0,0,0,2,47,2,7,2,0,0,0,1,8,0,0,0,1,32,21,0,18,0,0,0,3,5,0,4,98,5,0,0,15,0,0,2,1,5,0,0,1
19466,0,0,0,0,0,0,9,8,0,0,1,0,4,72,3,4,1,0,0,0,0,15,0,4,4,4,37,27,5,27,1,0,0,2,7,0,8,140,15,0,0,14,0,0,1,5,2,0,0,0
39894,0,0,0,0,0,0,4,1,0,0,0,1,2,30,1,3,0,0,0,0,0,3,0,2,2,2,15,11,3,14,0,0,0,4,8,0,1,65,9,0,0,8,0,0,1,1,4,0,0,0
20516,0,0,1,0,1,1,8,11,1,2,0,0,3,66,0,7,0,0,0,0,1,9,0,2,1,2,37,27,2,21,0,0,0,0,10,0,10,136,21,0,0,19,0,0,3,2,1,1,0,2
22033,0,0,1,0,0,0,5,3,0,0,0,1,0,40,0,7,2,0,0,0,0,7,0,0,1,2,31,19,2,12,0,0,0,1,4,0,5,86,7,0,0,16,0,0,2,3,1,0,0,0
37000,0,0,0,0,0,0,1,1,0,0,0,0,0,28,0,1,0,0,0,0,0,3,0,2,1,0,13,11,1,13,0,0,0,0,5,0,4,49,6,0,0,6,0,0,1,1,0,0,0,0
32753,0,0,0,0,0,0,4,5,1,1,0,0,2,50,3,0,0,0,0,0,1,5,0,1,1,1,18,15,1,24,0,0,0,8,6,0,6,93,11,0,0,11,0,0,0,2,8,1,0,0
41651,0,0,1,0,0,0,5,3,0,0,0,0,3,26,1,4,0,0,0,0,0,3,1,3,1,1,22,17,2,8,1,0,0,4,2,0,1,64,5,0,0,8,0,0,1,1,4,0,0,0
39713,0,0,0,0,0,1,10,1,0,0,0,0,5,49,3,7,1,0,0,0,0,7,0,6,2,7,38,27,2,20,0,0,0,2,10,0,2,113,11,1,0,9,0,0,0,2,3,0,0,0
13989,0,2,0,0,0,0,8,4,1,0,0,0,2,48,1,3,0,0,0,0,0,5,0,1,1,5,34,27,2,21,0,0,0,4,11,0,6,112,15,0,1,13,0,0,0,4,4,1,0,0
37255,0,1,1,0,0,0,9,5,0,0,0,2,0,54,5,2,0,0,0,0,0,7,0,2,2,0,33,29,5,22,0,0,0,0,8,0,7,114,13,0,1,15,1,0,2,2,0,0,0,0
13406,0,0,0,0,0,0,8,3,0,1,0,0,2,61,2,3,0,0,1,0,2,8,0,2,4,3,21,15,5,27,1,0,0,1,8,0,5,107,11,0,1,16,0,0,1,1,1,0,0,0
22541,0,0,0,0,1,0,10,3,0,1,0,0,2,57,1,10,2,0,1,0,0,7,0,1,3,4,40,25,4,25,2,0,0,5,7,0,6,126,10,0,0,15,0,0,2,3,5,0,0,0
12342,0,0,2,0,2,1,12,2,0,1,0,0,1,62,3,6,0,0,0,0,0,9,0,3,1,5,37,26,4,25,0,1,0,2,7,0,6,127,9,0,0,17,0,0,1,5,3,0,0,1
23043,0,1,3,0,1,0,14,10,0,1,1,0,1,86,1,3,0,1,1,0,1,17,0,3,1,4,44,37,3,34,2,0,0,1,9,0,5,167,19,0,0,24,0,0,2,3,1,0,0,0
37039,0,0,0,0,0,0,2,0,0,3,1,0,2,38,1,2,0,0,0,0,0,6,0,1,1,0,14,6,2,15,0,0,0,0,2,0,3,58,2,0,0,8,0,0,1,6,0,0,0,0
37685,0,0,0,0,0,0,5,2,0,2,0,0,1,31,2,3,1,0,1,0,0,4,0,1,1,2,13,6,1,9,0,0,0,4,3,0,1,59,5,0,0,13,0,0,0,3,4,0,0,0
14414,0,0,1,0,0,2,13,5,0,2,0,0,1,69,2,9,2,0,0,0,0,9,0,2,2,6,42,28,4,24,0,1,0,1,7,0,9,143,12,0,1,22,0,0,4,3,3,0,0,0
32258,0,0,0,0,0,0,7,4,0,2,0,0,1,39,0,4,1,0,0,0,0,6,0,3,0,4,21,16,0,15,0,0,0,0,5,0,3,76,9,0,0,9,0,0,2,0,0,0,0,1
21536,0,0,0,0,0,0,9,4,0,1,0,0,2,68,1,1,2,0,0,0,0,14,0,5,1,2,33,29,1,28,1,0,0,3,6,0,5,124,10,0,0,13,0,0,4,1,3,0,0,1
13900,0,0,0,0,0,0,7,2,0,1,0,1,1,59,2,6,0,0,1,0,0,3,0,2,1,2,31,24,2,21,1,0,0,8,8,0,13,117,10,0,0,18,0,0,0,1,8,0,0,1
22543,0,0,0,1,0,0,8,2,0,1,0,1,0,57,2,9,2,0,0,0,1,7,0,3,2,6,39,23,3,17,0,0,0,7,10,0,5,126,12,0,0,23,0,0,0,4,7,0,0,0
26629,0,0,0,0,0,0,4,2,0,0,0,0,1,44,0,2,0,0,0,0,0,3,0,0,2,1,29,22,2,24,1,0,0,0,3,0,5,84,5,0,0,11,0,0,2,5,0,0,0,0
27137,0,0,0,0,0,1,7,2,0,1,0,0,1,48,2,4,0,0,0,0,0,8,0,1,2,5,19,15,2,19,0,0,0,4,6,0,4,89,8,0,0,14,0,0,0,0,5,0,0,0
37634,0,0,0,0,0,0,3,2,0,0,0,0,2,32,0,3,1,0,0,0,0,5,0,2,0,3,19,13,1,11,0,0,1,1,0,0,4,58,2,0,0,8,0,0,0,2,1,0,0,0
28175,0,0,0,0,0,0,10,11,0,2,0,0,4,78,3,3,3,0,0,0,1,10,0,4,2,5,50,38,2,26,1,0,0,3,15,0,9,169,26,1,0,23,0,0,1,4,3,0,0,0
21505,0,0,2,0,0,0,10,5,1,2,1,0,1,63,1,4,0,0,0,0,0,5,0,0,1,6,28,21,3,37,0,1,0,6,6,0,4,122,11,0,0,14,0,0,1,3,6,1,0,0
29123,0,0,0,0,0,0,7,4,0,0,0,0,2,41,0,4,1,0,0,0,0,2,0,0,2,6,24,16,2,23,0,0,0,3,6,0,6,87,10,0,0,8,0,0,1,3,3,0,0,0
38602,0,0,1,0,0,0,6,2,0,0,0,0,1,26,0,2,0,0,0,0,0,3,0,1,0,3,16,10,0,9,0,0,0,2,4,0,1,56,6,0,0,11,0,0,2,4,2,0,0,0
44150,0,0,1,0,0,0,10,2,0,1,0,1,2,41,1,3,2,0,0,0,0,4,0,2,0,5,29,21,2,18,0,0,0,1,9,0,2,94,11,0,1,12,0,0,3,3,1,0,0,0
15612,0,1,1,0,3,0,14,3,0,0,0,0,1,64,2,2,3,0,0,0,0,7,0,3,2,7,34,26,6,28,0,1,0,3,8,0,7,132,11,0,0,18,0,0,1,3,3,0,0,2
16956,0,0,0,0,1,0,9,4,1,0,0,0,4,76,2,5,1,0,0,0,0,7,0,6,3,2,31,22,8,33,0,1,0,5,11,1,4,146,16,0,3,22,0,0,5,3,5,1,0,0
30025,0,0,0,0,0,0,10,9,0,2,0,0,1,62,3,7,0,0,0,0,0,9,0,4,2,5,32,23,2,21,1,0,0,6,6,0,7,127,15,0,0,18,0,0,1,2,6,0,0,0
21558,0,0,0,0,0,0,5,5,0,1,0,0,0,42,1,4,0,0,0,0,0,8,0,3,0,3,38,28,0,17,0,0,0,4,3,0,1,97,8,0,0,12,0,0,1,6,4,0,0,0
43503,0,0,2,0,0,0,8,3,0,0,0,0,0,49,0,3,1,0,1,0,1,7,0,3,0,3,27,17,1,22,0,1,0,4,7,0,8,99,10,0,0,9,0,0,2,5,4,0,0,0
22608,0,0,1,0,0,0,8,5,0,1,0,1,0,68,2,5,1,0,1,0,0,10,0,2,2,3,46,34,3,28,0,0,0,3,8,0,9,141,13,0,0,18,0,0,1,6,3,0,0,0
28162,0,0,1,0,0,0,5,8,0,0,0,1,2,50,1,3,0,0,0,0,0,4,0,1,2,3,25,20,3,27,0,0,0,2,8,0,2,101,16,0,0,14,0,0,0,2,2,0,0,0
22049,0,0,0,0,0,0,5,7,0,0,0,0,2,46,3,3,0,0,0,0,1,6,0,1,2,2,29,22,2,25,0,0,0,2,9,0,4,100,16,1,0,8,0,0,0,2,2,0,0,0
33396,1,0,1,0,0,0,9,6,2,1,0,1,3,58,0,8,0,0,0,0,0,6,3,3,1,5,39,27,5,25,0,0,0,5,5,0,5,129,11,0,0,15,0,0,2,4,5,2,0,0
24598,0,0,1,0,0,0,2,4,0,1,0,0,3,41,0,2,0,0,0,0,0,6,0,1,0,0,24,18,0,17,1,0,0,2,2,0,1,75,6,0,0,12,0,0,0,4,2,0,0,0
41038,0,0,0,0,0,0,4,2,1,0,0,0,6,63,0,2,2,0,0,0,0,6,0,2,2,3,29,20,2,34,0,0,0,4,9,0,3,114,11,0,0,12,0,0,1,5,4,1,0,0
43783,0,0,0,0,0,0,1,1,0,1,0,0,1,32,0,1,1,0,0,0,0,6,0,1,0,1,19,16,1,15,0,0,0,1,5,0,2,60,6,0,1,6,0,0,0,1,1,0,0,0
13352,0,0,1,0,0,0,6,4,0,2,0,0,5,57,0,8,0,0,0,0,1,8,1,4,0,1,43,31,1,17,0,0,0,2,4,0,5,117,8,0,0,16,0,0,4,3,2,0,0,0
28499,0,1,0,0,0,0,4,7,0,1,0,0,0,51,1,4,0,0,0,0,0,11,0,5,2,1,39,32,2,18,0,0,0,3,12,0,5,118,19,0,0,11,0,0,1,3,3,0,0,0
19480,0,0,0,0,0,0,6,3,0,0,0,0,0,51,1,8,0,0,0,0,0,7,0,2,2,2,43,31,2,28,0,0,0,4,10,0,3,119,13,0,0,11,0,0,3,4,4,0,0,0
17158,0,1,1,0,1,0,9,4,0,1,1,0,5,55,1,0,1,0,0,0,0,9,0,1,1,2,32,28,3,24,0,0,0,2,5,0,2,110,9,1,0,13,0,0,3,2,2,0,0,1
23556,0,1,0,0,0,0,5,4,0,1,1,0,4,45,1,2,0,0,0,0,0,8,1,2,1,2,28,25,3,16,0,0,0,0,7,0,4,92,11,0,0,10,0,0,1,1,0,0,0,0
31497,0,0,1,0,0,0,3,2,0,0,0,0,2,50,0,6,2,0,0,0,0,5,1,4,3,2,30,19,4,18,0,0,0,7,5,0,6,101,7,0,0,15,0,0,0,3,7,0,0,0
534,0,1,0,0,0,0,10,6,1,0,0,1,1,69,2,9,0,0,0,0,0,13,0,3,3,3,53,36,4,21,0,0,0,3,8,0,8,154,14,0,0,23,0,0,3,8,3,1,0,1
24076,0,0,0,0,0,0,7,7,0,0,0,0,2,55,2,3,1,0,1,0,0,6,0,0,1,2,29,24,1,24,0,0,0,3,9,0,3,111,16,0,0,20,0,0,2,1,3,0,0,0
21052,0,0,2,0,0,1,12,5,0,4,2,0,4,83,1,5,0,0,0,0,1,11,0,2,2,5,39,26,4,28,0,0,0,2,7,0,12,153,12,0,0,22,0,0,4,7,3,0,0,0
23576,0,0,2,0,0,0,5,3,0,0,0,0,3,44,1,7,0,0,0,0,1,5,0,1,0,1,30,19,2,22,0,1,0,3,6,0,3,93,9,0,1,9,1,0,1,3,3,0,0,0
28164,0,0,1,0,2,1,5,8,0,0,0,0,4,62,0,6,2,0,0,0,0,9,0,4,1,4,32,20,4,25,0,0,0,7,7,0,6,127,15,0,1,14,0,0,0,4,8,1,1,0
21537,0,0,0,0,1,0,7,2,0,1,1,0,0,71,5,5,1,0,0,0,0,8,0,2,1,2,41,31,3,30,0,0,0,2,6,0,6,132,8,0,0,24,0,0,0,4,2,0,0,0
24623,0,0,0,0,0,0,6,3,0,1,0,2,3,61,0,4,1,1,0,0,1,9,0,0,3,4,25,16,5,25,0,0,0,2,5,0,7,107,8,0,0,14,1,0,2,3,2,0,0,0
42070,0,0,0,0,0,0,2,0,0,0,0,0,1,25,0,1,1,0,0,0,1,4,0,2,1,1,18,13,1,10,0,0,0,2,2,0,3,50,2,0,0,5,0,0,1,2,2,0,0,0
31690,0,0,0,0,0,0,8,1,0,1,0,0,1,58,3,6,2,0,0,0,1,10,0,3,1,4,36,24,1,21,0,0,0,2,7,0,4,113,8,0,0,18,0,0,1,3,2,0,0,0
22545,0,0,2,0,0,1,9,3,0,1,0,0,3,59,1,4,0,0,0,0,0,10,0,4,0,4,33,26,1,22,1,0,0,4,6,0,5,116,9,0,1,14,0,0,1,3,5,0,0,0
20501,0,0,0,0,0,0,10,1,0,0,1,0,3,43,3,2,1,0,0,0,0,9,0,1,2,6,20,14,4,14,1,0,0,2,8,0,5,88,9,0,1,11,0,0,0,3,2,0,0,0
225,0,0,2,0,0,0,6,6,0,1,1,0,2,70,1,5,1,0,0,0,0,6,0,4,2,3,35,28,4,26,0,0,0,1,5,0,8,127,11,0,1,23,0,0,0,1,1,0,0,0
37467,0,0,0,0,0,0,3,0,0,0,0,0,1,8,1,1,1,0,0,0,0,3,1,0,0,1,9,6,1,1,1,0,0,0,0,0,0,21,0,0,0,3,0,0,0,1,0,0,0,0
20003,0,0,2,0,0,0,8,10,0,4,0,0,3,62,1,5,0,0,0,0,0,7,1,3,2,3,36,28,3,22,1,0,0,4,10,0,4,133,20,0,0,19,0,0,1,3,4,0,0,0
24593,0,0,0,0,0,0,3,5,0,0,0,0,2,50,1,3,2,0,0,0,0,5,0,1,2,1,32,24,2,16,0,0,0,4,7,0,3,103,12,0,0,22,1,0,1,3,4,0,0,0
18567,0,1,2,0,0,0,10,3,0,2,0,0,2,50,1,8,1,0,0,0,0,8,0,3,0,6,27,14,1,17,0,0,0,4,8,0,6,103,11,1,1,12,0,0,0,3,4,0,0,0
4084,0,0,0,0,0,0,3,0,0,0,0,0,0,18,0,1,0,0,1,0,1,1,0,1,0,0,9,7,0,8,1,0,0,2,1,0,2,33,1,0,0,6,0,0,1,0,2,0,0,0
19971,0,0,0,0,1,0,5,4,0,2,0,0,5,59,0,4,0,0,0,0,0,6,0,2,0,4,22,17,2,21,0,1,0,2,6,0,7,100,10,0,0,16,0,0,1,1,2,0,0,0
27136,0,0,1,0,1,0,8,9,0,0,0,1,2,84,0,7,0,0,0,0,0,10,0,5,3,4,38,27,5,32,0,0,0,2,10,0,7,156,19,0,0,28,0,0,3,4,2,0,0,0
24065,0,0,3,0,0,0,10,2,1,1,0,1,2,39,1,4,4,0,0,0,2,4,0,1,1,3,44,30,4,15,0,1,0,1,4,1,6,106,7,0,1,10,0,0,3,4,1,1,0,0
43722,0,0,0,0,0,0,6,4,0,0,1,0,2,34,1,2,1,0,0,0,1,2,1,2,3,3,27,18,5,14,1,0,0,3,4,0,3,83,8,0,0,11,0,0,1,5,3,0,0,0
40748,0,0,0,0,0,0,2,6,0,1,0,0,0,26,1,2,0,0,0,0,0,2,0,0,0,1,19,16,0,11,0,0,0,4,4,0,4,61,10,0,0,8,0,0,0,1,4,0,0,0
36138,0,0,0,0,1,0,10,9,0,2,0,0,1,52,3,3,1,0,0,0,1,6,0,0,2,5,29,19,4,19,0,1,0,3,5,0,7,112,14,0,0,17,0,0,2,5,3,0,0,0
22529,0,0,0,0,0,0,5,1,1,0,1,0,0,57,3,3,4,0,0,0,0,11,0,2,2,2,29,20,4,23,0,0,0,2,7,0,6,106,8,0,1,15,0,0,0,2,2,1,0,0
32993,0,0,0,0,0,0,8,2,0,0,0,1,3,43,0,3,0,0,1,0,0,3,0,2,1,4,35,31,2,21,0,0,0,2,8,0,3,100,10,0,0,11,0,0,3,1,2,0,0,0
23059,0,0,1,0,2,0,9,13,0,1,0,1,3,75,2,3,1,0,0,0,0,6,0,2,6,2,38,32,9,29,1,0,0,3,8,0,11,155,21,0,0,23,0,0,2,2,3,0,0,1
29686,0,0,0,0,0,0,3,4,0,0,0,0,1,37,0,1,1,0,0,0,1,4,0,0,0,2,16,11,0,18,0,0,0,1,5,0,6,66,9,0,0,8,0,0,1,2,1,0,0,0
21570,0,0,0,0,0,0,9,6,1,0,0,0,2,48,6,11,0,0,0,0,0,4,0,1,1,1,40,26,2,23,0,0,0,2,9,0,6,117,15,0,1,12,0,0,2,3,2,1,0,0
31381,0,0,1,0,2,0,10,2,1,1,0,0,1,50,2,3,3,0,0,0,0,7,0,3,1,5,44,35,3,19,1,0,0,4,5,0,7,119,7,0,0,12,0,0,1,3,4,1,0,0
22068,0,0,3,0,1,1,6,4,0,2,0,0,2,53,1,3,1,0,0,0,0,7,0,3,1,1,36,30,4,25,0,0,0,3,5,0,5,112,9,0,2,9,0,0,1,2,4,0,0,0
25114,0,0,0,0,0,1,2,0,0,0,1,0,3,48,0,6,0,0,0,0,0,11,0,2,0,2,25,16,1,13,0,0,0,0,7,0,4,84,7,0,0,15,0,0,0,3,1,0,0,0
25106,0,0,0,0,0,0,3,5,0,1,0,1,1,57,0,3,1,0,0,0,0,10,0,1,1,2,26,21,3,24,0,1,0,5,5,0,4,104,10,0,0,16,0,0,1,1,5,0,0,0
4725,0,0,0,0,0,0,1,4,0,0,0,1,0,29,0,1,0,0,0,0,0,3,0,2,1,1,9,7,2,9,0,0,0,0,2,0,3,47,6,0,0,12,0,0,0,1,0,0,0,0
41909,0,0,0,0,0,0,7,6,1,0,1,0,4,34,1,3,0,0,0,0,0,4,0,0,0,2,21,16,1,14,0,0,0,4,2,0,6,76,8,0,0,6,0,0,4,2,4,1,0,0
20495,0,0,1,0,2,0,11,4,0,1,0,0,1,68,2,8,1,0,0,0,1,11,1,0,2,7,48,35,6,33,0,1,0,1,6,0,8,144,10,0,0,14,0,0,1,3,1,0,0,0
41042,0,0,0,0,0,0,9,1,0,0,0,0,5,45,3,1,1,0,0,0,0,6,0,2,0,4,23,18,2,18,0,0,1,3,8,0,3,91,9,0,1,11,0,0,2,3,3,0,0,0
17921,0,0,0,0,0,0,8,3,1,0,0,0,1,68,2,9,0,0,0,0,0,7,0,0,1,5,36,24,1,33,0,0,0,4,9,0,5,130,12,0,0,22,0,0,1,3,4,1,0,0
18058,0,0,2,0,0,2,11,6,0,0,0,1,2,69,2,4,1,0,0,0,0,12,0,4,1,5,43,31,3,22,1,0,0,5,7,0,5,146,13,0,1,24,0,0,1,7,7,0,0,0
38619,0,0,0,0,0,0,1,3,0,1,0,0,2,34,1,2,1,0,0,0,1,3,0,2,2,0,22,17,2,12,0,0,0,2,5,0,3,69,8,0,0,11,0,0,0,1,2,0,0,0
18050,0,1,0,0,0,0,10,4,0,2,0,0,4,71,3,4,1,0,0,0,0,7,0,3,2,4,36,28,2,31,0,0,0,5,8,0,7,136,12,0,0,17,0,0,2,3,5,0,0,0
17928,0,0,1,0,0,0,7,11,0,0,0,1,2,55,0,2,1,0,0,0,0,6,0,2,1,5,31,25,5,25,0,0,0,5,6,0,6,120,17,0,3,14,0,0,1,3,5,0,0,0
36294,0,0,1,0,0,0,2,0,0,0,0,0,0,16,0,2,0,0,0,0,0,7,0,0,1,0,6,3,1,5,1,0,0,1,1,0,2,27,1,0,0,2,0,0,0,1,1,0,0,0
11960,0,0,0,0,0,0,5,4,2,1,0,0,2,59,1,4,0,0,0,0,1,7,0,1,3,2,41,30,3,23,0,0,0,1,13,0,6,128,17,0,0,19,0,0,2,6,1,2,0,0
42894,0,0,0,0,0,1,5,2,0,0,1,1,1,52,1,1,0,0,0,0,1,11,0,0,0,3,18,16,2,22,1,0,0,2,0,0,5,82,2,0,0,13,0,0,0,0,3,0,0,0
3263,0,0,2,0,0,0,5,4,0,0,0,0,0,31,1,1,0,0,0,0,0,6,0,1,2,1,17,15,3,18,1,1,0,3,2,0,2,65,6,0,0,4,0,0,0,1,3,0,0,0
17803,0,0,0,0,0,0,7,4,0,1,0,0,1,44,3,0,1,0,1,0,0,7,0,1,0,3,23,21,0,20,0,0,0,1,4,0,4,83,8,0,0,10,0,0,0,1,1,0,0,0
15872,0,0,0,0,0,0,7,9,0,3,0,0,1,61,0,2,0,0,0,0,0,7,0,3,1,5,37,31,4,18,0,1,0,4,8,0,12,130,17,0,2,17,0,0,2,4,4,0,0,0
3441,0,0,2,0,0,0,6,2,0,0,0,0,0,33,1,4,1,0,0,0,0,8,0,1,0,2,23,17,2,14,0,1,0,2,6,0,2,74,8,1,1,8,0,0,1,0,2,0,0,0
14877,0,0,0,0,0,0,4,2,0,0,0,0,2,23,0,4,0,0,0,0,0,4,0,1,2,3,21,11,2,9,0,0,0,3,3,0,0,58,5,1,0,7,0,0,1,5,3,0,0,0
18502,0,0,1,0,0,0,7,5,0,1,0,0,1,56,0,4,0,0,0,0,0,6,0,1,1,5,46,41,2,22,0,0,0,1,9,0,7,126,14,0,1,18,0,0,1,1,1,0,0,0
10286,0,0,0,0,1,0,3,2,0,0,0,0,1,25,0,3,0,0,0,0,0,2,0,1,0,3,18,15,1,10,0,0,0,2,6,0,1,57,8,0,0,10,0,0,0,0,2,0,0,0
40814,0,0,1,0,1,0,5,3,0,0,1,0,1,32,2,5,0,0,0,0,0,6,1,0,0,2,13,8,3,13,0,0,0,3,5,0,3,64,8,0,0,8,1,0,0,0,3,0,0,0
16041,0,0,2,0,0,0,3,4,0,2,0,0,2,35,0,3,0,0,0,0,0,1,0,0,2,0,17,12,2,16,0,0,0,2,4,0,4,67,8,0,0,10,0,0,1,2,2,0,0,0
13241,0,2,0,0,0,0,13,6,0,1,0,1,2,76,2,3,2,0,0,0,1,6,0,4,2,5,28,15,3,33,0,0,0,2,10,0,12,138,16,0,0,17,1,0,3,7,2,0,0,1
39184,0,0,1,0,0,0,5,5,0,0,0,1,0,57,1,8,1,0,0,0,0,5,0,1,1,2,44,32,2,27,0,0,0,2,4,0,8,119,9,1,0,16,0,0,0,2,2,0,0,1
15913,0,0,1,0,0,0,7,5,0,3,0,0,3,59,0,8,0,0,0,0,0,13,0,2,3,4,28,16,3,21,0,0,0,2,9,0,3,113,14,0,0,13,1,0,2,4,2,0,0,0
29506,0,0,0,0,0,0,3,3,1,1,0,0,3,48,0,3,0,0,0,0,0,8,0,5,1,3,20,15,1,16,0,0,0,1,5,0,1,82,8,0,0,14,0,0,0,2,1,1,0,0
16405,0,0,0,0,0,0,9,4,0,1,1,0,5,57,3,5,0,0,0,0,0,10,0,1,2,4,22,15,6,22,1,1,0,2,6,0,6,106,10,0,2,12,0,0,1,2,2,0,0,0
34126,0,0,0,0,1,0,5,5,0,1,0,1,1,61,2,7,0,0,0,0,0,6,0,1,0,2,33,22,3,24,0,0,0,2,6,0,10,115,11,0,1,18,0,0,0,4,2,0,0,1
30729,0,0,0,0,0,1,9,3,0,0,0,0,6,47,2,3,0,0,1,0,0,8,0,2,2,3,25,19,2,20,0,0,0,4,3,0,3,94,6,0,0,8,0,0,3,3,5,0,0,0
34641,0,0,1,0,0,0,6,3,0,1,0,0,3,59,1,9,0,0,0,0,0,11,0,2,2,3,31,21,2,19,0,0,0,4,4,0,8,109,7,0,0,15,0,0,1,1,4,0,0,0
9028,0,0,1,0,0,0,7,2,0,0,0,0,0,25,0,2,0,0,0,0,0,3,0,4,1,5,15,10,1,11,0,0,0,2,5,0,0,57,7,0,0,6,1,0,1,3,2,0,0,0
33385,0,0,0,0,0,0,7,5,0,0,0,0,3,67,3,3,1,0,1,0,1,7,0,1,1,2,28,21,2,27,0,0,0,7,4,0,5,120,9,0,1,24,0,0,1,2,7,0,0,0
32415,0,0,0,0,0,0,11,1,0,1,0,0,2,63,3,4,2,0,0,0,1,12,0,2,0,2,37,22,1,25,0,0,0,5,8,0,4,127,9,0,1,16,1,0,4,8,5,1,1,2
27660,0,1,0,0,0,0,3,2,0,0,0,1,2,50,0,1,0,0,0,1,0,4,0,6,0,2,25,19,2,25,0,0,0,2,8,0,3,92,10,0,0,10,0,0,0,5,2,0,0,0
11514,0,0,1,0,0,0,8,6,0,1,1,0,0,47,1,6,2,0,0,0,2,6,0,1,2,5,43,30,3,22,0,0,0,2,3,0,5,112,9,0,0,12,0,0,1,3,2,0,0,0
12098,0,0,0,0,2,0,7,1,0,0,0,0,2,48,2,1,0,0,0,0,0,6,0,1,0,3,17,12,2,20,0,0,0,2,8,0,4,85,9,0,0,15,0,0,2,4,2,0,0,0
29971,0,0,1,1,0,0,4,3,0,1,0,0,3,48,1,6,0,0,0,0,1,6,0,4,3,2,24,14,4,20,0,0,0,4,5,0,3,92,8,1,1,10,0,0,0,2,4,0,0,0
10819,0,0,2,0,0,0,5,2,0,3,0,0,1,44,1,7,2,0,0,0,1,8,0,0,0,1,20,9,0,20,0,0,0,2,8,0,4,81,10,0,0,8,0,0,1,1,2,0,0,0
8909,0,0,0,0,0,0,0,3,0,0,0,0,1,19,0,3,0,0,0,0,0,5,0,1,1,0,14,8,1,9,0,0,0,1,1,0,2,39,4,0,0,1,0,0,0,3,1,0,0,0
6123,0,0,0,0,0,0,3,0,0,0,0,0,0,23,0,1,0,0,0,0,0,2,0,1,0,2,11,10,0,8,0,0,0,3,1,0,2,41,1,0,0,10,0,0,1,0,3,0,0,0
18008,0,1,1,0,0,1,9,2,0,0,0,0,1,48,1,4,2,0,0,1,0,3,0,4,0,3,28,20,4,21,0,0,1,3,9,0,2,104,11,0,2,17,0,0,2,2,4,0,0,1
38993,0,0,0,0,0,0,1,1,1,0,0,0,0,38,0,1,1,0,0,0,1,5,0,2,0,1,12,9,0,13,0,0,0,1,4,0,1,58,5,0,0,17,0,0,0,0,1,1,0,0
33500,0,0,1,0,0,0,3,2,0,0,0,0,2,23,0,0,0,0,0,0,0,3,0,1,2,2,16,14,2,9,0,0,0,1,3,0,1,50,5,0,0,7,0,0,0,2,1,0,0,0
15390,0,1,0,0,0,0,13,1,0,2,1,1,2,65,4,8,1,0,0,0,0,10,0,3,1,5,38,27,3,24,0,0,0,0,6,0,6,126,7,0,0,17,1,0,3,2,0,0,0,0
17576,0,0,1,0,1,0,6,6,0,0,1,0,1,37,2,5,1,1,0,0,1,3,0,0,0,2,23,14,2,15,0,0,0,4,8,0,7,86,14,0,0,10,0,0,1,2,4,0,0,0
9001,0,0,0,0,1,0,4,0,0,2,0,0,1,20,0,2,0,0,0,0,0,3,0,0,1,3,9,7,2,7,0,0,0,1,4,0,1,40,4,0,0,6,0,0,0,0,1,0,0,1
32298,0,0,0,0,0,0,4,2,0,2,1,0,2,46,1,6,0,0,0,0,1,5,0,0,1,2,27,17,2,17,0,0,0,2,5,0,7,88,7,0,0,13,0,0,1,3,2,0,0,0
44273,0,0,0,0,1,0,6,2,0,1,1,0,2,53,0,6,2,0,0,0,0,7,0,2,1,5,29,19,3,25,0,0,0,1,2,0,4,96,4,0,0,12,0,0,0,2,1,0,0,1
36983,0,0,0,0,0,0,0,0,0,0,0,0,0,7,0,0,0,0,0,0,0,1,0,0,0,0,2,2,0,1,0,0,0,0,0,0,1,9,0,0,0,4,0,0,0,0,0,0,0,0
14135,0,0,0,0,1,0,1,0,1,2,1,0,3,70,1,7,1,0,0,0,0,10,0,3,2,0,38,29,4,22,0,0,0,6,4,0,7,124,4,0,0,23,0,0,0,1,6,1,0,0
17975,0,0,0,0,0,0,5,5,0,1,0,0,0,52,1,4,1,0,0,0,0,8,0,3,1,2,23,16,1,19,0,0,0,3,8,0,4,97,13,0,0,16,1,0,2,2,3,0,0,0
35341,0,0,0,0,0,0,6,4,0,0,0,0,0,18,1,4,1,0,0,0,0,0,0,1,1,3,11,6,1,12,1,0,0,2,2,0,1,44,6,0,0,4,0,0,1,0,2,0,0,0
13539,0,0,1,0,2,0,7,2,0,1,0,0,1,41,1,3,0,0,0,0,0,4,0,0,1,4,16,11,3,16,0,0,0,3,9,0,3,81,11,0,0,15,1,0,1,2,3,0,0,0
34496,0,0,2,0,0,0,14,8,0,0,0,0,2,74,1,9,1,0,0,0,0,13,0,3,0,8,33,20,0,29,0,0,0,3,10,0,6,142,18,0,0,21,0,0,3,3,3,0,0,0
28700,0,0,0,0,0,0,0,2,0,2,0,0,1,21,0,3,0,0,0,0,0,3,0,2,1,0,12,8,2,7,0,0,0,1,5,0,0,43,7,0,1,6,0,0,0,1,1,0,0,0
32805,0,0,0,0,2,0,4,1,0,1,0,0,1,35,0,4,0,0,0,0,0,10,0,0,0,2,25,19,3,15,0,0,1,2,5,0,2,75,6,0,0,6,0,0,1,2,2,0,0,1
13328,0,0,0,0,1,0,6,7,0,2,0,0,1,49,1,4,0,0,1,0,0,5,0,2,1,2,29,22,3,23,0,0,0,3,5,0,4,102,12,0,1,12,0,0,2,3,3,0,0,0
34070,0,0,1,0,0,0,7,6,0,2,1,1,2,74,3,3,0,0,0,0,0,11,0,3,2,1,30,24,4,31,0,0,0,2,6,0,6,129,12,0,0,19,0,0,2,3,2,0,0,0
15903,0,0,1,0,0,0,8,5,0,0,1,1,2,63,1,6,3,0,0,0,0,7,0,1,0,3,31,17,4,24,0,1,0,3,3,0,3,117,8,0,1,25,0,1,2,5,3,0,0,1
299,0,0,1,0,1,0,12,5,0,1,0,0,1,82,1,4,1,0,0,0,0,12,0,2,3,6,38,29,5,34,1,1,0,5,5,0,6,152,10,0,0,26,0,0,3,4,5,0,0,0
34863,0,0,1,0,0,0,9,4,1,1,0,1,1,56,4,4,1,0,0,0,0,13,1,1,2,2,34,25,4,21,0,0,0,4,9,0,4,121,13,0,0,15,0,0,2,4,4,1,0,0
15513,0,0,2,0,0,0,11,6,1,1,0,0,1,55,3,2,0,0,0,0,0,6,0,4,1,6,17,13,1,20,0,0,0,2,4,0,5,97,10,0,0,18,0,0,0,2,2,1,0,0
40790,0,1,0,0,0,0,1,0,0,0,1,0,1,36,0,5,1,0,0,0,0,2,0,2,2,0,18,9,3,17,0,0,0,3,2,0,4,63,2,0,0,10,0,0,0,3,3,0,0,0
34187,0,0,0,0,0,1,6,2,0,0,0,0,0,37,3,4,0,0,0,0,0,6,0,2,1,3,27,20,2,16,0,1,0,2,4,0,6,81,6,0,0,7,0,0,0,3,3,0,0,0
41186,0,1,0,0,1,0,2,0,0,0,0,0,2,32,1,4,0,0,0,0,0,4,0,0,1,0,18,13,4,11,0,0,1,2,3,0,5,61,3,0,1,10,0,0,0,1,2,0,0,0
10576,0,0,0,0,0,0,3,7,1,0,0,0,1,45,1,6,2,0,0,0,1,5,0,0,2,2,28,16,2,22,0,0,0,2,6,0,3,94,13,0,0,14,0,0,0,3,2,1,0,0
44571,0,0,0,0,1,0,8,5,0,0,0,0,2,43,5,10,2,0,0,0,0,6,0,5,2,3,33,19,4,11,0,0,0,0,8,1,3,102,14,0,1,16,0,0,0,2,0,0,0,0
34470,0,0,0,0,0,0,6,6,0,0,0,0,3,38,2,3,0,0,0,0,1,2,0,1,2,3,28,23,3,18,0,0,0,2,1,0,2,84,7,0,1,12,0,0,1,1,2,0,0,0
44574,0,0,2,0,1,0,7,11,0,1,0,0,1,54,3,5,1,0,0,0,0,14,0,2,1,0,34,22,2,23,0,0,0,1,9,0,4,118,20,0,0,9,0,0,2,6,1,0,0,0
29888,0,0,0,0,0,0,1,5,0,1,2,0,0,47,0,5,1,0,0,0,0,9,0,1,1,1,28,18,3,16,0,0,0,4,2,0,4,90,7,1,0,16,0,0,0,3,4,0,0,0
35211,0,1,2,0,0,1,7,2,0,1,0,0,1,30,0,2,0,0,0,0,0,2,1,0,0,3,16,11,2,11,0,1,0,1,2,0,4,61,4,0,0,10,1,0,1,3,2,0,0,0
29326,0,0,1,0,0,0,6,2,0,0,0,1,1,43,0,1,0,0,0,0,0,4,0,0,0,3,27,25,1,18,1,0,0,4,3,0,2,86,5,0,0,18,0,0,1,1,4,0,0,0
15528,0,0,1,0,0,0,9,5,2,1,0,1,2,49,1,8,1,0,0,0,0,4,0,0,1,6,36,22,2,23,0,0,0,1,6,1,6,111,12,0,0,13,0,0,1,5,1,2,0,0
11119,0,0,1,0,0,0,2,0,0,0,0,0,0,15,0,2,0,0,0,0,0,0,0,1,0,1,17,13,0,8,0,0,0,0,1,0,3,35,1,0,0,3,0,0,0,2,0,0,0,0
16487,0,0,2,0,1,0,7,5,0,0,0,0,3,80,0,3,1,0,0,0,0,10,0,6,2,4,31,26,3,29,0,0,0,5,13,0,9,144,18,0,0,23,0,0,1,1,5,0,0,0
28953,0,0,0,0,0,0,1,1,0,1,0,0,0,32,1,5,0,0,0,0,0,4,0,2,2,0,14,9,2,15,0,0,0,1,7,0,2,58,8,0,0,8,0,0,0,0,1,0,0,0
35119,0,0,0,0,1,0,4,2,1,0,0,1,2,51,0,5,0,0,1,0,1,10,0,1,1,1,29,20,3,22,0,0,0,3,10,0,3,103,12,0,0,13,0,0,2,3,3,1,0,0
13422,0,0,0,0,2,0,10,9,0,3,0,0,4,74,0,7,1,0,1,0,0,14,0,2,2,7,50,38,4,28,0,0,0,1,7,0,5,155,16,1,0,18,0,0,2,3,1,0,0,0
14358,0,0,0,0,1,0,8,5,0,1,0,0,0,52,3,5,0,0,0,0,0,9,0,3,2,2,34,27,4,22,0,0,0,4,9,0,5,116,14,0,1,12,0,0,2,2,4,0,0,1
41214,0,0,0,0,0,0,4,4,0,1,0,0,3,34,2,2,1,0,0,0,0,7,0,2,1,1,20,15,2,14,0,0,1,3,2,0,0,69,6,0,0,7,0,0,1,2,3,0,0,0
2048,0,0,0,0,2,0,6,3,1,1,0,0,1,52,2,4,2,0,0,0,0,8,0,0,0,2,25,16,2,23,0,0,0,0,8,0,7,97,11,0,0,12,0,0,1,3,0,1,0,1
15916,0,0,0,0,2,0,5,2,1,0,0,0,1,58,1,1,0,0,0,0,0,10,0,3,1,3,19,16,4,27,0,1,0,1,6,0,7,96,8,0,0,10,0,0,1,2,1,1,0,0
44426,0,0,1,0,1,0,8,4,0,1,0,0,1,45,1,4,1,0,0,0,0,7,0,2,0,1,31,21,1,16,1,0,0,4,8,0,5,101,12,0,0,13,0,0,4,5,4,0,0,0
11965,0,0,0,0,0,0,3,2,0,1,0,0,0,60,0,6,1,0,1,0,0,14,0,3,3,2,42,30,3,22,0,0,0,3,8,0,6,121,10,0,0,14,0,0,0,5,3,0,0,0
43661,0,1,1,0,0,1,8,4,0,1,0,0,0,41,2,1,0,0,0,0,0,1,0,1,0,2,14,12,0,18,1,0,0,1,5,0,5,74,9,0,0,14,1,0,1,1,2,0,0,0
12477,0,0,1,0,0,0,6,6,2,0,1,0,4,41,1,1,2,0,0,0,0,9,0,1,1,2,28,23,2,11,1,0,0,2,6,0,3,93,12,0,0,13,0,0,1,2,2,2,0,0
15423,0,0,0,0,0,0,4,6,0,0,0,0,1,28,0,2,0,0,0,0,1,5,0,0,1,3,26,19,1,15,0,0,0,2,4,0,4,71,10,0,0,3,0,0,1,4,2,0,0,0
27005,0,0,0,0,0,0,0,0,0,1,0,0,2,17,0,0,0,0,0,0,0,3,0,0,0,0,5,4,0,6,0,0,0,1,4,0,2,27,4,0,0,3,0,0,0,1,1,0,0,0
44222,0,0,2,0,0,2,7,2,0,0,1,0,1,37,1,3,1,0,0,0,0,7,0,0,0,1,26,18,1,16,0,0,0,5,6,0,3,86,8,0,0,10,0,0,2,4,7,0,0,1
39527,0,0,1,0,0,0,2,2,0,0,0,0,1,21,1,0,1,0,0,0,0,5,0,2,0,0,4,2,0,5,0,0,0,0,3,0,1,32,5,0,0,7,0,0,0,1,0,0,0,0
38405,0,0,0,0,0,1,6,6,0,0,0,0,2,39,1,6,1,0,0,0,0,9,0,1,0,2,22,12,1,11,0,0,0,2,3,0,5,80,9,0,1,11,0,0,3,3,3,0,0,0
38033,0,1,0,0,0,0,12,6,0,0,0,0,1,45,5,7,1,0,0,0,0,4,0,1,2,2,29,20,3,29,0,0,0,1,8,0,3,104,14,0,1,7,0,0,3,1,1,0,0,1
39473,0,0,0,0,0,0,1,1,0,1,0,0,0,10,0,0,0,0,0,0,0,0,0,0,0,0,8,8,0,6,0,0,0,0,2,0,0,22,3,0,0,3,0,0,1,0,0,0,0,0
14934,0,1,0,0,0,0,6,6,1,1,0,0,2,49,1,4,2,0,0,0,0,9,0,1,0,4,28,21,0,23,0,0,0,1,6,0,4,97,12,0,0,9,0,0,0,1,1,1,0,0
16420,0,0,2,0,0,0,8,2,0,0,0,0,1,53,0,3,0,0,0,0,0,7,0,5,0,5,16,13,2,26,0,0,0,4,4,0,2,89,6,0,2,12,0,0,1,0,4,0,0,0
777,0,0,0,0,0,0,6,5,0,0,0,0,1,24,0,1,3,0,0,0,1,4,0,0,0,3,23,16,1,11,0,0,0,2,6,0,4,67,11,0,1,4,0,0,3,2,2,0,0,0
12024,0,0,0,0,0,0,2,3,0,1,0,0,1,40,0,4,0,0,0,0,0,4,0,2,0,1,19,13,0,21,0,0,0,0,3,0,3,67,6,0,0,8,0,0,0,2,0,0,0,1
11443,0,0,0,0,0,0,4,3,0,2,0,0,0,35,1,6,0,0,0,0,0,5,0,2,0,2,33,25,0,11,0,0,0,1,5,0,5,81,8,0,0,10,0,0,1,2,1,0,0,0
12377,0,0,0,0,0,0,4,6,0,1,0,0,1,52,1,10,1,0,0,0,0,7,0,1,1,3,43,29,3,25,0,1,0,3,5,0,5,116,11,0,1,12,0,0,0,3,3,0,0,0
9740,0,0,0,0,1,0,1,0,0,1,0,0,0,15,0,2,2,0,0,0,0,3,0,1,1,1,14,8,2,6,0,0,0,1,3,0,0,36,3,0,0,4,0,0,0,2,1,0,0,0
30324,0,1,0,0,0,0,5,1,0,0,0,0,0,26,0,4,0,1,0,0,0,5,0,1,2,2,9,5,2,8,0,0,0,0,5,0,4,48,6,0,0,7,0,0,2,0,0,0,0,0
32304,0,0,1,0,0,0,5,7,0,1,0,0,0,50,0,4,2,0,0,0,1,8,0,3,2,3,29,21,2,24,0,0,0,4,7,0,4,104,14,0,0,9,1,0,1,1,4,0,0,0
39526,0,0,0,0,0,0,5,4,0,0,0,0,1,31,2,1,0,0,0,0,0,4,0,2,0,1,22,19,0,11,1,0,0,1,5,0,0,68,9,0,0,13,0,0,1,2,1,0,0,0
5639,0,0,0,0,0,0,4,5,0,0,0,0,2,33,2,4,0,0,0,0,0,4,0,0,1,2,28,19,2,17,0,1,0,4,2,0,3,78,7,1,0,7,0,0,0,4,4,0,0,0
1332,0,0,0,0,0,0,1,0,1,0,0,0,1,16,0,1,0,0,0,0,0,2,0,1,0,1,10,7,0,2,0,0,0,1,1,0,4,30,1,0,0,6,0,0,0,2,1,1,0,0
29983,0,0,0,0,0,0,7,1,1,1,0,0,2,47,1,0,0,0,0,0,0,4,0,2,1,4,18,13,1,23,0,0,0,2,7,0,6,84,8,0,0,9,0,0,2,5,2,1,0,0
42173,0,0,0,0,2,0,2,2,0,0,0,0,1,25,1,3,0,0,0,0,0,3,0,2,1,1,23,17,3,9,0,0,0,1,3,0,3,59,5,0,0,7,0,0,0,3,1,0,0,0
26549,0,0,2,0,0,0,5,1,1,0,0,0,2,27,1,1,0,0,0,0,0,3,0,1,1,1,11,8,1,10,1,0,0,2,4,0,2,52,5,0,0,9,0,0,0,2,2,1,0,0
15999,0,0,2,0,0,0,11,5,0,0,1,0,1,74,3,4,0,0,0,0,0,9,0,3,2,4,28,21,3,25,0,0,0,6,4,0,6,131,9,0,0,30,0,0,2,3,6,0,0,0
44559,0,0,0,0,1,0,6,0,0,0,0,0,1,40,2,1,2,0,0,0,0,6,0,2,0,2,21,15,1,18,0,0,0,3,2,0,5,73,2,0,0,8,0,0,1,3,3,0,0,1
44788,0,0,0,0,1,0,7,4,0,0,0,0,2,50,4,3,0,0,0,0,0,10,0,1,2,3,32,28,4,14,0,0,0,0,5,0,4,102,9,0,1,19,0,0,0,1,0,0,0,0
41401,0,0,3,0,0,0,10,4,1,0,0,0,0,42,1,3,2,0,0,0,0,4,0,3,1,4,31,25,2,18,0,0,0,5,3,0,6,98,7,0,1,11,0,0,2,1,5,1,0,0
39199,0,0,0,0,0,0,0,0,0,0,0,0,0,11,0,1,0,0,0,0,0,0,0,0,0,0,5,4,0,3,0,0,0,0,0,0,0,16,0,0,0,8,0,0,0,0,0,0,0,0
31961,0,0,0,0,0,0,6,8,0,2,0,0,0,45,0,5,3,0,0,0,0,6,0,0,1,6,30,19,1,22,0,0,0,2,6,0,5,98,14,0,0,10,0,0,0,3,2,0,0,0
15917,0,0,2,0,0,0,8,4,0,0,0,1,0,40,2,7,1,0,0,0,0,3,0,2,1,3,31,21,2,16,0,0,0,2,2,0,4,89,6,0,0,15,0,0,1,2,2,0,0,0
5345,0,0,0,0,0,0,5,2,0,0,0,0,0,40,1,3,1,0,1,0,1,7,0,5,1,2,27,21,1,12,0,0,0,4,4,0,4,83,6,0,0,12,0,0,1,1,4,0,0,0
39675,0,0,1,0,1,0,5,6,0,0,0,0,2,45,1,4,0,0,0,0,0,11,0,1,1,2,29,22,4,16,1,0,0,1,9,0,3,99,15,1,2,12,0,0,0,2,1,0,0,0
32782,0,0,0,0,0,0,11,3,0,1,0,1,3,34,1,1,0,0,0,0,1,4,0,0,1,6,18,16,2,14,1,0,0,3,4,0,3,75,7,0,0,9,0,0,1,0,3,0,0,2
10762,1,0,1,0,0,0,10,4,0,2,0,0,5,72,1,1,3,0,0,0,0,9,0,1,1,3,45,39,1,30,1,0,0,1,7,0,8,140,11,0,0,17,0,0,3,2,1,0,0,0
12865,0,0,1,0,0,0,8,4,0,1,0,0,1,60,0,5,1,0,0,0,0,9,0,2,0,6,27,18,0,30,0,0,0,4,9,0,4,112,13,0,0,13,0,0,1,3,4,0,0,0
39289,0,0,0,0,0,0,4,2,0,1,0,0,2,19,3,1,1,0,0,0,0,0,0,0,1,1,10,4,1,11,0,0,0,2,3,0,1,41,5,0,0,4,0,0,0,4,2,0,0,0
16389,0,0,0,0,0,0,8,4,0,0,0,2,5,61,0,6,0,0,0,0,0,10,0,1,2,5,42,33,4,30,0,0,0,1,3,0,2,123,7,0,0,13,0,0,3,3,1,0,0,0
15884,0,0,1,0,0,0,12,2,0,0,1,0,1,46,2,5,0,0,1,0,0,11,1,3,2,5,28,20,4,13,0,0,0,4,9,0,5,105,11,0,0,13,0,0,2,3,4,0,0,1
43194,0,0,0,0,0,0,5,3,0,1,0,0,1,20,2,2,0,0,1,0,0,1,0,0,0,1,11,8,0,4,0,0,0,1,1,0,5,41,4,0,0,8,0,0,1,1,1,0,0,0
30199,0,1,0,0,1,0,3,0,0,0,0,0,2,36,0,1,3,0,0,0,0,3,0,1,1,2,27,21,2,17,0,0,0,2,3,1,3,74,4,0,0,10,0,0,0,2,2,0,0,0
13321,0,0,1,0,0,0,4,2,0,1,0,1,2,40,0,3,1,0,0,0,0,3,0,0,0,2,20,14,1,16,0,0,0,3,2,0,6,72,4,0,0,12,0,0,1,2,3,0,0,0
37379,0,0,0,0,1,0,8,5,0,1,0,0,1,41,2,2,0,0,0,0,0,3,1,1,1,4,25,21,3,18,2,0,0,3,3,0,6,88,8,0,0,11,0,0,0,2,3,0,0,0
15115,0,0,0,0,0,0,4,5,0,0,2,0,0,47,2,1,0,0,0,0,0,2,0,2,1,1,21,16,3,26,1,0,0,4,10,0,1,94,15,0,0,16,0,0,0,4,4,0,0,0
16927,0,0,0,0,0,1,6,5,0,2,0,0,2,57,1,5,0,0,0,0,0,7,0,2,1,3,22,16,2,21,0,1,0,2,9,0,7,104,14,0,0,16,0,0,2,1,3,0,0,0
16518,0,1,0,0,0,0,13,2,0,0,0,0,3,60,4,5,1,0,0,0,0,8,0,2,2,4,25,15,3,23,1,0,0,6,3,0,7,112,5,0,1,17,0,0,3,4,6,0,0,0
16385,0,0,0,0,0,0,5,6,0,3,0,0,3,62,0,5,1,0,0,0,1,13,0,6,0,3,33,24,0,19,0,0,0,4,3,0,5,113,9,0,0,13,0,0,2,2,4,0,0,0
15442,0,0,2,0,0,0,7,2,0,0,0,0,5,72,1,3,0,0,0,0,1,13,0,2,1,3,34,26,2,28,0,0,0,5,9,0,4,131,11,0,1,20,0,0,1,4,5,0,0,0
30246,0,0,1,0,0,0,3,1,0,0,0,0,1,16,0,1,0,0,0,0,0,5,0,1,0,1,6,5,0,4,0,0,0,2,1,0,0,29,2,0,0,5,0,0,1,0,2,0,0,0
12331,0,0,0,0,0,0,4,9,1,1,0,1,6,56,1,4,0,0,0,0,1,5,0,1,1,2,34,28,3,18,0,0,0,3,3,0,5,113,12,0,1,20,0,0,1,1,3,1,0,0
33842,0,0,0,0,1,0,5,3,0,0,0,0,6,51,0,5,0,0,0,0,2,5,1,3,0,4,31,22,2,19,1,0,0,0,6,0,9,98,9,0,0,9,0,0,0,2,0,0,0,0
32305,0,0,0,0,0,0,4,4,0,1,0,1,2,48,0,4,0,0,1,0,0,3,0,2,2,1,21,15,5,27,0,0,0,3,6,0,5,91,10,0,2,8,0,0,2,2,3,0,0,0
17310,0,0,0,0,0,0,4,2,0,0,0,0,4,55,2,4,1,0,0,0,0,8,0,4,0,2,31,23,2,27,0,0,0,2,7,0,2,103,9,0,2,10,0,0,0,3,2,0,0,0
17247,0,0,1,0,0,0,4,7,0,1,0,0,2,41,0,4,3,0,0,0,0,5,0,2,1,1,23,16,1,16,0,0,0,6,7,0,4,89,14,0,0,11,0,0,2,0,6,0,0,0
16548,0,0,0,0,0,0,5,9,0,1,0,1,1,54,1,4,0,0,0,0,0,7,0,0,1,0,24,18,2,25,1,0,0,1,5,0,4,100,14,0,0,16,0,0,2,2,1,0,0,1
44016,0,0,0,0,0,0,4,2,0,1,0,0,1,41,0,1,2,0,0,0,2,6,0,1,1,3,20,14,2,16,0,0,0,0,4,0,1,73,6,0,1,15,0,0,1,1,0,0,0,0
7795,0,0,1,0,0,0,1,1,0,0,0,0,1,26,0,3,0,0,0,0,0,2,0,0,1,0,10,5,2,11,0,0,0,2,3,0,3,45,4,0,1,9,0,0,0,2,2,0,0,0
36222,0,0,0,0,0,0,0,0,0,0,0,0,0,5,0,1,0,0,0,0,0,0,0,0,0,0,5,3,0,2,0,0,0,1,2,0,1,13,2,0,0,2,0,0,0,1,1,0,0,0
37395,0,0,1,0,0,0,6,3,0,0,0,0,0,51,1,3,1,0,0,0,0,8,0,1,2,3,28,24,2,28,0,0,0,2,4,0,4,96,7,0,0,10,0,0,1,0,2,0,0,0
41032,1,1,0,0,0,0,6,4,0,0,0,0,1,42,0,5,0,0,0,0,1,9,0,3,4,2,31,25,4,11,1,0,0,3,6,0,8,96,10,0,0,10,0,0,1,0,3,0,0,0
35252,0,1,0,0,3,0,6,3,0,0,0,0,2,51,1,3,0,0,0,0,0,5,0,2,2,4,31,25,5,25,0,0,0,5,2,0,6,103,5,0,0,11,0,0,0,3,5,0,0,0
38271,0,0,0,0,0,0,3,6,0,0,0,0,0,19,0,2,1,0,0,0,0,2,0,2,0,3,23,16,0,9,0,0,0,3,3,0,2,57,9,0,0,4,0,0,0,4,3,0,0,0
39135,0,0,0,0,0,0,4,2,0,1,0,0,4,26,1,4,0,0,0,0,0,0,0,1,1,3,25,20,2,11,0,0,0,3,7,0,1,69,9,0,1,8,0,0,0,1,3,0,0,0
10030,0,0,0,0,0,0,3,3,0,0,0,0,0,24,1,2,1,0,0,0,0,2,0,1,0,1,12,7,0,11,0,0,0,0,1,0,3,43,4,0,0,7,0,0,1,2,0,0,0,0
11472,0,0,0,0,0,0,4,2,0,1,0,0,1,36,1,1,0,0,0,0,0,5,0,0,0,0,11,7,0,17,1,0,0,1,6,0,3,60,8,0,0,9,0,0,2,3,1,0,0,0
10303,0,0,0,0,0,0,4,4,0,1,0,0,2,44,1,4,0,0,0,0,0,6,0,2,1,3,23,17,1,16,0,0,0,3,3,0,10,82,7,0,0,7,0,0,0,2,3,0,0,0
11750,0,0,3,0,0,0,8,4,0,0,0,1,2,39,1,2,1,0,1,0,1,7,0,1,0,2,28,21,1,14,0,0,0,1,5,0,6,86,9,0,0,9,0,0,1,3,1,0,0,0
2813,0,0,1,0,0,0,2,2,0,0,0,0,1,27,1,1,0,0,0,0,0,4,0,2,0,0,12,10,2,8,0,0,1,0,3,0,5,48,5,0,1,7,0,0,0,1,0,0,0,0
42214,0,0,0,0,0,0,4,1,0,0,0,0,0,16,1,1,0,0,0,0,0,2,0,0,0,2,9,7,0,11,1,0,0,0,5,0,2,35,6,1,0,1,0,0,0,0,0,0,0,0
44667,0,0,1,0,0,0,15,3,0,1,1,0,1,46,4,1,1,0,0,0,0,12,0,5,1,7,30,24,2,18,0,0,0,5,7,1,1,109,11,0,0,8,0,0,2,4,5,0,0,1
36399,0,0,0,0,0,0,5,2,0,0,0,0,0,23,2,1,0,0,1,0,0,3,0,0,0,1,19,15,0,12,0,0,0,0,7,0,1,56,9,0,0,7,0,0,1,3,0,0,0,0
29705,0,0,0,0,0,0,8,4,0,1,0,0,3,33,2,4,0,0,0,0,0,4,0,2,1,3,16,11,2,10,0,0,0,0,5,0,0,68,9,0,1,13,0,0,3,1,0,0,0,0
44920,0,0,0,0,0,0,4,1,0,1,0,1,4,35,1,2,0,0,0,0,0,3,0,2,0,2,18,16,1,17,0,0,0,3,4,0,3,66,5,0,0,5,0,0,0,0,3,0,0,1
13318,0,0,1,0,1,0,6,6,1,0,0,0,0,66,0,6,2,0,0,0,0,9,0,3,1,4,24,13,3,26,0,0,0,5,7,0,8,118,13,0,1,20,0,0,1,3,5,1,0,0
32133,0,0,0,0,1,0,8,3,0,2,0,0,0,48,1,2,1,0,1,0,0,2,0,3,1,4,19,15,2,25,0,0,0,2,2,0,4,84,5,0,0,12,0,0,2,1,2,0,0,0
4373,0,1,0,0,0,0,4,2,0,0,0,0,1,31,0,1,0,0,0,0,1,5,0,1,2,3,17,12,2,12,0,0,0,1,8,0,3,65,10,0,0,9,0,0,0,3,1,0,0,0
10465,0,0,0,0,0,0,9,5,0,0,2,0,2,61,3,1,2,0,0,0,0,9,0,1,1,4,24,20,3,27,1,0,0,2,10,0,3,114,15,0,0,19,0,0,1,1,2,0,0,0
33306,0,0,0,0,1,0,6,1,0,0,0,0,1,52,0,4,0,0,0,0,0,3,0,2,0,3,18,14,1,19,0,0,0,3,7,0,11,88,8,0,0,16,0,0,3,0,3,0,0,0
29339,0,0,0,0,0,0,2,2,0,0,0,0,3,53,0,2,0,0,0,0,1,7,0,3,1,2,19,15,2,13,0,0,1,0,2,0,4,80,4,0,0,23,0,0,0,1,0,0,0,0
6616,0,0,1,0,0,0,4,4,0,0,0,0,1,35,1,3,1,0,0,0,0,5,0,3,1,1,21,16,1,15,0,0,0,0,2,0,4,67,6,0,0,7,0,0,1,1,0,0,0,0
44675,0,0,0,0,0,0,7,8,0,1,1,1,0,57,2,1,0,0,0,0,0,14,0,3,0,3,24,21,2,23,0,0,0,4,6,0,1,108,14,0,0,15,0,0,2,2,4,0,0,0
35891,0,0,0,0,0,0,0,0,0,0,0,0,0,2,0,0,0,0,0,0,0,0,0,0,0,0,1,1,0,0,0,0,0,0,0,0,0,3,0,0,0,2,0,0,0,0,0,0,0,0
35002,0,0,0,0,0,0,2,0,0,0,0,1,1,6,0,2,1,0,0,0,0,0,0,0,0,2,10,7,1,2,0,0,0,0,2,0,1,21,2,0,0,2,0,0,0,0,0,0,0,0
36864,0,0,0,0,0,0,1,3,0,1,0,0,1,23,0,2,0,0,0,0,0,2,0,1,1,0,14,11,1,9,0,0,0,2,3,0,4,47,6,0,0,4,1,0,1,1,2,0,0,0
42930,0,0,0,0,0,0,6,2,0,1,0,0,2,40,1,3,0,0,0,0,0,6,0,0,0,5,23,18,0,16,0,0,0,1,6,0,9,78,8,0,0,6,0,0,0,2,1,0,0,0
36727,0,1,0,0,0,0,2,0,0,0,0,0,1,10,0,1,0,0,0,0,0,1,0,0,0,1,3,1,0,3,0,0,0,0,0,0,1,15,0,0,0,3,1,0,0,1,0,0,0,0
8734,0,0,0,0,0,0,4,1,1,0,0,1,0,22,0,1,0,0,0,0,0,5,0,0,0,3,10,7,2,9,0,1,0,2,2,0,1,44,3,1,0,7,0,0,1,1,2,1,0,0
42362,0,1,0,0,0,0,4,6,0,1,0,0,1,31,1,3,0,0,0,0,0,1,0,3,0,1,20,17,0,12,0,0,0,1,2,0,3,64,8,0,0,10,0,0,1,0,1,0,0,0
7417,0,0,1,0,0,0,4,3,0,0,0,0,1,28,1,3,0,0,0,0,0,4,0,1,0,1,8,5,0,16,0,0,0,1,2,0,1,46,5,0,0,5,0,0,1,0,1,0,0,0
38957,0,0,1,0,0,0,1,1,0,0,0,0,0,6,0,1,0,0,0,0,0,0,0,0,0,0,3,1,0,1,0,0,0,1,0,0,1,12,1,0,0,4,0,0,0,1,1,0,0,0
43222,0,0,0,0,0,0,5,7,0,1,0,0,2,42,1,2,0,0,0,0,0,5,0,0,1,3,27,20,1,16,0,0,0,3,5,0,6,90,12,0,0,12,0,0,1,5,3,0,0,0
8217,0,0,1,0,1,0,7,1,0,0,0,1,4,46,2,2,1,0,0,0,0,6,0,0,1,3,28,22,4,19,0,1,0,2,6,0,5,94,7,0,0,12,0,0,1,3,2,0,0,0
32946,0,0,1,0,0,0,12,2,0,0,0,0,0,30,1,2,1,0,0,0,1,1,0,2,0,5,24,18,0,17,0,0,0,3,2,0,2,73,4,0,0,8,0,0,4,2,3,0,0,1
36205,0,1,0,0,0,0,2,0,0,0,0,1,1,16,0,0,0,0,0,0,0,4,0,0,2,1,10,8,3,5,0,0,0,3,2,0,1,36,2,0,0,5,0,0,0,2,3,0,0,0
10778,0,0,0,0,0,0,4,5,0,0,0,0,1,39,2,1,0,0,0,0,0,4,0,4,0,2,19,17,0,18,0,0,0,1,7,0,4,75,12,0,0,8,0,0,0,1,1,0,0,0
39431,0,0,1,0,0,0,3,3,0,0,0,0,1,34,0,3,0,0,0,0,0,6,0,1,0,2,12,9,2,14,0,2,0,0,3,0,4,57,6,0,0,8,0,0,0,0,0,0,0,0
31385,0,0,0,0,0,0,6,5,0,1,0,0,2,40,1,2,0,0,0,0,0,5,0,2,1,1,20,16,1,11,1,0,0,0,6,0,8,78,11,0,0,10,0,1,2,2,0,0,0,1
42785,0,0,0,0,0,0,1,2,0,0,0,0,1,23,0,1,0,0,0,0,0,4,0,0,1,1,11,8,1,10,0,0,0,0,2,0,2,40,4,0,0,6,0,0,0,2,0,0,0,0
11715,0,0,0,0,0,0,5,5,1,0,0,1,0,48,0,2,1,0,0,0,0,10,1,4,0,4,27,20,3,24,0,0,0,4,6,0,4,99,11,0,1,6,0,0,1,4,4,1,0,0
32405,0,1,1,0,0,0,7,3,0,0,1,0,0,38,1,4,3,0,0,0,0,6,0,1,1,2,29,20,2,12,0,0,0,9,4,0,7,92,7,0,0,12,0,0,2,2,9,0,0,0
8202,0,1,1,0,0,0,9,5,0,0,0,0,1,55,3,6,1,0,1,0,0,6,0,4,2,3,31,21,4,21,0,0,0,1,6,0,5,111,11,0,2,18,0,0,0,3,1,0,0,0
14039,0,0,1,0,0,0,6,1,0,2,0,0,0,14,0,2,1,0,0,0,0,4,0,1,1,5,10,7,1,3,0,0,0,1,2,0,0,35,3,0,0,4,0,0,0,0,1,0,0,0
33484,0,1,1,0,0,0,8,3,0,0,0,1,5,35,0,2,0,0,0,0,0,4,0,0,0,5,12,8,1,15,0,0,0,2,1,0,6,62,4,0,0,5,0,0,1,2,2,0,0,0
30135,0,0,0,0,0,0,2,1,0,0,0,0,1,26,0,5,1,0,0,0,0,4,0,0,0,1,14,7,0,10,0,0,0,1,4,0,2,48,5,0,0,8,1,0,1,1,1,0,0,0
96,0,0,0,0,1,1,4,8,1,1,0,1,2,37,0,5,1,0,1,0,0,2,0,0,2,3,25,18,4,16,0,0,0,1,7,0,6,88,15,0,0,10,0,0,0,1,2,1,0,0
32424,0,0,0,0,0,0,4,6,0,0,0,2,4,52,1,2,2,0,0,0,0,5,0,0,1,3,26,21,3,22,0,0,0,1,4,0,6,96,10,0,0,15,0,0,0,1,1,0,0,0
10789,0,0,1,0,1,0,6,4,0,1,0,0,1,47,2,1,0,0,1,1,0,6,0,2,4,2,16,13,6,18,0,0,0,3,8,0,7,90,12,0,0,12,0,0,0,2,3,0,0,0
30237,1,0,1,0,0,1,3,2,0,0,0,0,0,23,0,3,0,0,0,0,0,3,0,0,1,0,9,6,1,13,1,0,0,2,4,0,0,45,6,0,0,7,0,0,0,0,3,0,0,0
36587,0,0,0,0,0,0,4,4,0,0,0,0,1,18,1,1,0,0,0,0,2,5,0,0,0,2,10,7,0,4,1,0,0,2,3,0,1,41,7,0,0,7,0,0,0,0,2,0,0,0
18596,0,0,0,0,0,0,5,1,0,0,0,0,1,29,2,2,0,0,0,0,0,3,0,0,0,2,12,9,1,16,0,0,0,2,4,0,0,54,5,0,1,9,0,0,1,1,2,0,0,0
32282,0,0,1,0,0,0,5,5,0,1,0,0,1,56,1,6,0,0,0,0,0,8,0,2,1,2,24,15,1,24,0,0,0,3,2,0,4,96,7,0,0,16,0,0,1,3,3,0,0,0
4694,0,0,0,0,0,0,3,1,0,0,0,0,0,29,1,3,0,0,0,0,0,4,1,0,0,0,17,11,1,12,0,0,0,3,3,0,2,57,4,0,0,11,0,0,2,3,3,0,0,0
6175,0,0,0,0,0,0,0,0,0,0,0,0,0,3,0,0,0,0,0,0,0,1,0,0,0,0,1,1,0,1,0,0,0,0,0,0,1,4,0,0,0,0,0,0,0,0,0,0,0,0
6305,0,0,0,0,0,0,3,1,0,0,0,0,1,18,1,1,0,0,0,0,0,3,1,2,1,2,4,3,2,7,0,0,0,0,3,0,3,31,4,0,0,2,0,0,0,0,0,0,0,0
2533,0,0,0,0,0,0,6,5,0,0,0,0,0,19,2,1,0,0,0,0,0,3,0,0,2,0,19,14,2,8,0,0,0,1,5,0,2,57,10,0,0,6,0,0,4,4,1,0,0,0
37347,0,0,0,0,0,0,0,0,0,0,0,0,0,4,0,0,0,0,0,0,0,1,0,0,0,0,3,2,0,2,0,0,0,0,0,0,0,7,0,0,0,1,0,0,0,1,0,0,0,0
36329,0,0,1,1,0,0,3,1,0,0,0,0,0,15,0,1,0,0,0,0,0,3,0,0,0,2,9,8,0,4,0,0,0,0,2,0,1,30,3,0,0,6,0,0,0,0,0,0,0,0
4058,0,0,0,0,0,0,2,1,0,0,0,0,1,14,1,0,0,0,0,0,0,2,0,0,1,1,0,0,1,3,0,0,0,1,0,0,1,19,1,0,0,7,0,0,0,0,1,0,0,0
28319,0,0,0,0,0,0,6,2,0,3,0,0,4,44,2,5,0,0,0,0,0,9,0,2,0,4,17,11,0,15,0,0,0,3,7,0,2,79,9,0,0,9,0,0,0,1,3,0,0,0
38506,0,0,1,0,0,0,1,0,0,0,0,0,1,10,0,1,1,0,0,0,0,3,0,0,0,0,9,6,0,3,0,0,0,0,0,0,0,20,0,0,0,3,0,0,0,1,0,0,0,0
3912,0,0,0,0,0,0,2,0,0,0,0,0,0,9,0,0,0,0,0,0,0,3,0,2,0,2,2,2,0,2,0,0,0,0,1,0,1,14,1,0,0,1,0,0,0,0,0,0,0,0
16985,0,0,0,0,0,0,2,2,0,0,0,0,0,20,0,1,1,0,0,0,0,6,0,1,0,2,13,11,0,7,0,0,0,1,4,0,0,42,6,0,0,6,0,0,0,0,1,0,0,0
4129,0,0,0,0,0,1,2,0,0,0,0,0,0,9,0,2,0,0,0,0,0,2,0,0,0,1,8,5,0,2,0,0,0,2,4,0,3,26,4,0,0,2,0,0,1,1,3,0,0,0
39229,0,0,0,0,0,0,2,0,0,0,0,1,0,26,1,2,0,0,0,0,0,4,0,2,1,1,18,12,2,11,0,0,0,2,5,0,0,55,5,0,0,8,1,0,0,4,2,0,0,0
4469,0,0,0,0,1,0,1,2,0,0,0,0,0,16,0,1,0,0,0,0,0,3,0,1,0,0,6,5,1,6,1,0,0,2,1,0,1,29,3,0,0,5,0,0,0,0,2,0,0,0
31249,0,0,0,0,0,0,3,4,0,0,1,1,1,42,1,0,0,0,0,0,1,2,0,1,0,0,19,16,2,21,0,0,0,3,5,0,4,78,9,0,0,13,0,0,2,2,3,0,0,0
31145,0,0,0,0,0,2,4,2,0,0,0,0,3,59,1,4,0,0,0,0,0,10,0,3,0,2,14,9,0,23,0,0,0,3,5,0,8,89,7,0,0,12,0,0,1,1,5,0,0,0
42354,0,0,0,0,0,0,2,2,0,0,0,0,0,22,0,1,1,0,0,0,1,4,0,1,1,2,11,8,1,8,0,0,0,1,1,0,1,40,3,0,0,8,0,0,0,0,1,0,0,0
3455,0,1,2,0,0,0,5,3,0,0,0,1,1,24,0,2,0,0,0,0,0,3,0,1,0,1,10,8,3,11,0,0,0,1,1,0,3,47,4,0,2,5,0,0,1,0,1,0,0,0
29078,0,0,0,0,0,0,4,2,1,0,0,1,1,43,2,4,2,0,0,0,0,7,0,0,1,1,28,17,2,21,0,0,0,1,3,0,3,84,5,0,0,11,0,0,1,5,1,1,0,0
2901,0,0,0,0,0,0,3,3,0,0,0,0,1,34,1,4,1,0,0,0,0,7,0,0,1,1,26,19,1,16,0,0,0,3,5,0,1,75,8,0,0,9,0,0,1,2,3,0,0,0
2102,0,0,0,0,0,2,0,2,0,0,2,0,1,19,0,0,0,0,0,0,0,4,0,0,0,0,10,10,4,9,0,0,0,2,1,0,1,40,3,0,2,4,0,0,0,0,4,0,0,0
39605,0,0,0,0,0,0,0,0,0,0,0,0,0,9,0,0,1,0,0,0,0,0,0,0,0,0,7,6,0,2,0,0,0,0,0,0,2,16,0,0,0,4,1,0,0,0,0,0,0,0
7744,0,0,0,0,0,0,7,4,0,2,0,1,1,38,3,3,0,0,0,0,0,5,0,0,0,3,15,9,1,17,0,0,0,2,1,0,4,68,5,0,0,9,0,0,0,3,2,0,0,1
38291,0,0,0,0,0,0,2,2,0,0,0,0,1,18,0,2,0,0,0,0,0,3,0,2,2,1,14,10,2,4,0,0,0,0,1,0,1,39,3,0,0,7,0,0,1,2,0,0,0,0
5896,0,0,0,0,1,0,2,0,0,2,0,0,1,18,0,3,0,0,0,0,0,4,0,0,0,1,13,7,1,7,0,0,0,1,1,0,1,36,1,0,0,3,0,0,1,3,1,0,0,0
5929,0,0,0,0,0,0,1,0,0,0,0,1,0,9,1,0,0,0,0,0,0,3,0,0,0,0,6,6,1,3,0,0,0,2,1,0,0,20,1,0,0,3,0,0,0,0,2,0,0,0
36060,0,0,0,0,0,0,4,1,0,1,1,0,0,25,0,2,0,0,0,0,1,2,0,1,1,1,13,9,2,7,0,0,0,1,7,0,2,53,8,0,0,12,0,0,3,1,1,0,0,0
32386,0,0,2,0,0,0,8,4,0,1,0,0,3,49,0,5,0,0,0,0,0,5,2,1,0,3,31,18,3,23,0,1,0,4,10,0,1,109,14,0,0,15,0,0,3,8,4,0,0,0
36616,0,0,0,0,0,0,0,1,0,0,0,0,1,11,0,2,0,0,0,0,0,2,0,0,0,0,13,10,0,6,0,0,0,0,0,0,1,25,1,0,0,1,0,0,0,1,0,0,0,0
1571,0,0,0,0,0,0,0,0,0,0,0,0,0,5,0,0,0,0,0,0,0,1,0,0,0,0,4,4,0,3,0,0,0,0,0,0,0,9,0,0,0,1,0,0,0,0,0,0,0,0
35268,0,0,0,0,0,0,0,0,0,0,0,0,0,3,0,0,0,0,0,0,0,0,0,1,0,0,1,1,0,1,0,0,0,0,0,0,0,4,0,0,0,1,0,0,0,0,0,0,0,0
37823,0,0,0,0,0,0,0,0,0,0,0,0,0,2,0,0,0,0,0,0,0,0,0,1,0,0,1,1,0,0,0,0,0,0,0,0,0,3,0,0,0,1,0,0,0,0,0,0,0,0
36318,0,0,0,0,0,0,2,2,0,0,0,0,1,17,1,1,0,0,0,0,0,0,0,0,1,0,7,6,2,8,0,0,1,2,2,0,1,34,4,0,0,7,0,0,1,0,2,0,0,0
43587,0,0,0,0,0,0,0,4,0,0,0,0,0,15,0,0,0,0,0,0,0,1,0,0,1,0,9,8,1,7,0,0,0,3,2,0,3,34,6,0,0,4,0,0,0,1,3,0,0,0
6367,0,0,0,0,0,0,0,0,0,0,0,0,0,1,0,0,0,0,0,0,0,0,0,0,0,0,1,0,0,1,0,0,0,0,0,0,0,2,0,0,0,0,0,0,0,1,0,0,0,0
40194,0,0,1,0,0,0,1,1,0,1,0,0,0,14,0,0,0,0,0,0,0,1,0,1,1,0,7,7,2,5,0,1,0,0,1,0,2,26,2,0,0,4,0,0,0,0,0,0,0,0
44955,0,0,0,0,0,0,1,0,0,1,0,0,2,6,0,0,0,0,1,0,0,2,0,0,0,0,3,3,0,0,0,0,0,1,2,0,1,13,2,0,0,0,0,0,0,0,1,0,0,0
3443,0,0,0,0,0,0,0,0,0,0,0,0,0,3,0,0,1,0,0,0,0,0,0,0,0,0,2,0,0,2,0,0,0,0,1,0,0,6,1,0,0,1,0,0,0,1,0,0,0,0
39637,0,0,0,0,0,0,2,1,0,0,0,0,1,11,1,2,0,0,0,0,0,2,0,0,1,1,5,3,1,5,0,0,0,2,0,0,1,22,1,0,0,2,0,0,0,0,2,0,0,0
38254,0,0,0,0,0,0,0,1,0,0,0,0,0,10,0,0,0,0,0,0,0,1,0,0,0,0,2,2,0,4,0,0,0,0,0,0,3,13,1,0,0,2,0,0,0,0,0,0,0,0
8870,0,0,0,0,0,0,0,0,0,0,0,0,0,11,0,1,0,0,0,0,0,3,0,0,0,0,6,4,1,1,0,1,0,1,0,0,3,19,0,0,0,4,0,0,0,1,1,0,0,0
2611,0,0,0,0,0,0,0,0,0,0,0,0,1,16,0,2,0,0,0,0,0,0,0,0,0,0,8,6,0,10,0,0,0,0,1,0,2,25,1,0,0,3,0,0,0,0,0,0,0,0
5427,0,0,0,0,0,0,0,0,0,0,0,0,0,1,0,0,0,0,0,0,0,0,0,0,0,0,1,0,0,1,0,0,0,0,0,0,0,2,0,0,0,0,0,0,0,1,0,0,0,0
35801,0,0,0,0,0,0,0,0,0,0,0,0,0,8,0,1,0,0,0,0,0,0,0,1,0,0,6,4,0,2,0,0,0,0,0,0,2,14,0,0,0,3,0,0,0,1,0,0,0,0
1464,0,0,0,0,0,0,1,1,0,0,0,0,0,4,1,0,0,0,0,0,0,0,0,0,1,0,5,5,1,2,0,0,0,2,0,0,0,14,1,0,0,2,0,0,0,0,2,0,0,0
9187,0,0,0,0,0,0,0,1,0,0,0,0,0,10,0,2,0,0,0,0,0,1,0,1,0,0,6,3,0,5,0,0,0,0,1,0,0,18,2,0,0,3,0,0,0,1,0,0,0,0
8881,0,0,0,0,0,0,0,0,0,0,0,0,0,9,0,2,0,0,0,0,0,1,0,0,0,0,10,8,0,3,0,0,0,1,0,0,3,20,0,0,0,2,0,0,0,0,1,0,0,0
5862,0,0,0,0,0,0,0,1,0,0,0,0,0,3,0,0,0,0,0,0,0,2,0,0,0,0,1,1,0,1,0,0,0,0,0,0,0,5,1,0,0,0,0,0,0,0,0,0,0,0
6117,0,0,0,0,0,0,1,0,0,0,0,0,0,3,0,0,0,0,0,0,0,0,0,0,0,0,0,0,0,1,0,0,0,0,1,0,0,5,1,0,0,2,0,0,0,0,0,0,0,1
10098,0,0,0,0,0,0,0,0,0,0,0,0,1,3,0,0,0,0,0,0,0,0,0,0,0,0,0,0,0,1,0,0,0,0,0,0,0,3,0,0,0,1,0,0,0,0,0,0,0,0
7581,0,0,0,0,0,0,0,0,0,0,0,0,0,2,0,0,0,0,0,0,0,0,0,1,0,0,1,1,0,1,0,0,0,0,0,0,0,3,0,0,0,0,0,0,0,0,0,0,0,0
31630,0,0,0,0,0,0,0,1,0,0,0,0,0,0,0,0,0,0,0,0,0,0,0,0,0,0,1,1,0,0,0,0,0,1,1,0,0,4,2,0,0,0,0,0,0,0,1,0,0,0
5214,0,0,0,0,0,0,0,0,0,0,0,0,0,2,0,0,0,0,0,0,0,0,0,0,0,0,3,1,0,1,0,0,0,0,0,0,0,5,0,0,0,1,0,0,0,2,0,0,0,0
6737,0,0,0,0,0,0,0,0,0,0,0,0,0,1,0,0,0,0,0,0,0,0,0,0,0,0,0,0,0,1,0,0,0,0,0,0,0,1,0,0,0,0,0,0,0,0,0,0,0,0
2604,0,0,0,0,0,0,0,0,0,0,0,0,0,1,0,0,1,0,0,0,0,0,0,0,0,0,1,0,0,1,0,0,0,1,0,0,0,3,0,0,0,0,0,0,0,0,1,0,0,0
